id,season,Venue_Id,date,Match_Type_Id,player_of_match,Team1_Id,Team2_Id,Toss_Winner_Team_Id,toss_decision,Match_Winner_Team_Id,result,result_margin,target_runs,target_overs,super_over,method,Umpire1_Id,Umpire2_Id
335982,2008,4,4/18/2008,5,BB McCullum,12,7,12,field,7,runs,140,223,20,N,NA,9,49
335983,2008,9,4/19/2008,5,MEK Hussey,5,1,1,bat,1,runs,33,241,20,N,NA,38,61
335984,2008,13,4/19/2008,5,MF Maharoof,3,11,11,bat,3,wickets,9,130,20,N,NA,7,21
335985,2008,31,4/20/2008,5,MV Boucher,9,12,9,bat,12,wickets,5,166,20,N,NA,58,20
335986,2008,26,4/20/2008,5,DJ Hussey,7,2,2,bat,7,wickets,5,111,20,N,NA,12,32
335987,2008,21,4/21/2008,5,SR Watson,11,5,5,bat,11,wickets,6,167,20,N,NA,7,48
335988,2008,19,4/22/2008,5,V Sehwag,2,3,2,bat,3,wickets,9,143,20,N,NA,28,8
335989,2008,10,4/23/2008,5,ML Hayden,1,9,9,field,1,runs,6,209,20,N,NA,20,21
335990,2008,19,4/24/2008,5,YK Pathan,2,11,11,field,11,wickets,3,215,20,N,NA,9,38
335991,2008,9,4/25/2008,5,KC Sangakkara,5,9,9,field,5,runs,66,183,20,N,NA,7,8
335992,2008,4,4/26/2008,5,SR Watson,12,11,11,field,11,wickets,7,136,20,N,NA,38,28
335993,2008,10,4/26/2008,5,JDP Oram,1,7,7,bat,1,wickets,9,148,20,N,NA,12,10
335994,2008,30,4/27/2008,5,AC Gilchrist,9,2,2,field,2,wickets,10,155,20,N,NA,9,61
335995,2008,9,4/27/2008,5,SM Katich,5,3,3,bat,5,wickets,4,159,20,N,NA,49,26
335996,2008,4,4/28/2008,5,MS Dhoni,12,1,1,bat,1,runs,13,179,20,N,NA,15,48
335997,2008,26,4/29/2008,5,ST Jayasuriya,7,9,7,bat,9,wickets,7,138,20,N,NA,12,10
335998,2008,13,4/30/2008,5,GD McGrath,3,12,12,field,3,runs,10,192,20,N,NA,7,26
335999,2008,19,5/1/2008,5,SE Marsh,2,5,5,field,5,wickets,7,165,20,N,NA,15,48
336000,2008,21,5/1/2008,5,SA Asnodkar,11,7,11,bat,11,runs,45,197,20,N,NA,49,21
336001,2008,10,5/2/2008,5,V Sehwag,1,3,1,bat,3,wickets,8,170,20,N,NA,12,32
336003,2008,9,5/3/2008,5,IK Pathan,5,7,5,bat,5,runs,9,179,20,N,NA,20,26
336034,2008,4,5/3/2008,5,P Kumar,12,2,2,field,12,runs,3,157,20,N,NA,15,61
336004,2008,30,5/4/2008,5,SM Pollock,9,3,3,field,9,runs,29,163,20,N,NA,28,49
336005,2008,21,5/4/2008,5,Sohail Tanvir,11,1,1,bat,11,wickets,8,110,20,N,NA,9,10
336006,2008,4,5/5/2008,5,S Sreesanth,12,5,5,field,5,wickets,6,127,20,N,NA,58,15
336007,2008,10,5/6/2008,5,AC Gilchrist,1,2,2,field,2,wickets,7,145,20,N,NA,38,48
336008,2008,30,5/7/2008,5,A Nehra,9,11,9,field,9,wickets,7,104,20,N,NA,20,49
336009,2008,13,5/8/2008,5,MS Dhoni,3,1,1,field,1,wickets,4,188,20,N,NA,7,48
336010,2008,26,5/8/2008,5,SC Ganguly,7,12,7,bat,7,runs,5,130,16,N,NA,9,28
336011,2008,21,5/9/2008,5,YK Pathan,11,2,11,field,11,wickets,8,141,20,N,NA,38,8
336013,2008,10,5/10/2008,5,L Balaji,1,5,5,field,1,runs,18,182,20,N,NA,10,13
336014,2008,19,5/11/2008,5,SC Ganguly,2,7,7,bat,7,runs,23,205,20,N,NA,28,8
336015,2008,21,5/11/2008,5,SR Watson,11,3,11,field,11,wickets,3,157,20,N,NA,58,49
336016,2008,9,5/12/2008,5,SE Marsh,5,12,12,bat,5,wickets,9,144,20,N,NA,15,26
336017,2008,26,5/13/2008,5,Shoaib Akhtar,7,3,7,bat,7,runs,23,134,20,N,NA,9,28
336018,2008,31,5/14/2008,5,ST Jayasuriya,9,1,9,field,9,wickets,9,157,20,N,NA,15,8
336020,2008,13,5/15/2008,5,A Mishra,3,2,2,field,3,runs,12,195,20,N,NA,13,21
336021,2008,31,5/16/2008,5,SM Pollock,9,7,9,field,9,wickets,8,68,20,N,NA,15,20
336022,2008,13,5/17/2008,5,DPMD Jayawardene,3,5,3,bat,5,runs,6,89,8,N,D/L,10,49
336023,2008,21,5/17/2008,5,GC Smith,11,12,12,field,11,runs,65,198,20,N,NA,12,61
336024,2008,19,5/18/2008,5,DJ Bravo,2,9,2,field,9,runs,25,179,20,N,NA,15,20
336025,2008,26,5/18/2008,5,M Ntini,7,1,7,bat,1,runs,3,53,8,N,D/L,9,32
336026,2008,4,5/19/2008,5,SP Goswami,12,3,3,field,3,wickets,5,155,20,N,NA,58,21
336027,2008,26,5/20/2008,5,YK Pathan,7,11,11,field,11,wickets,6,148,20,N,NA,13,49
336028,2008,31,5/21/2008,5,SE Marsh,9,5,9,field,5,runs,1,190,20,N,NA,12,21
336029,2008,10,5/21/2008,5,A Kumble,1,12,12,bat,12,runs,14,127,20,N,NA,20,26
336031,2008,9,5/23/2008,5,SE Marsh,5,2,5,field,5,wickets,6,176,20,N,NA,9,58
336032,2008,13,5/24/2008,5,KD Karthik,3,9,3,field,3,wickets,5,177,20,N,NA,12,32
336033,2008,10,5/24/2008,5,JA Morkel,1,11,11,bat,11,runs,10,212,20,N,NA,20,61
336002,2008,19,5/25/2008,5,R Vinay Kumar,2,12,2,bat,12,wickets,5,166,20,N,NA,9,49
336035,2008,26,5/25/2008,5,Umar Gul,7,5,5,bat,7,wickets,3,175,20,N,NA,58,26
336036,2008,21,5/26/2008,5,Sohail Tanvir,11,9,11,field,11,wickets,5,146,20,N,NA,12,32
336037,2008,19,5/27/2008,5,SK Raina,2,1,2,bat,1,wickets,7,148,20,N,NA,13,8
336012,2008,4,5/28/2008,5,CRD Fernando,12,9,9,field,9,wickets,9,123,18,N,NA,12,10
336019,2008,9,5/28/2008,5,SE Marsh,5,11,11,field,5,runs,41,222,20,N,NA,58,32
336038,2008,31,5/30/2008,8,SR Watson,3,11,3,field,11,runs,105,193,20,N,NA,12,49
336039,2008,31,5/31/2008,8,M Ntini,1,5,5,bat,1,wickets,9,113,20,N,NA,9,20
336040,2008,30,6/1/2008,4,YK Pathan,1,11,11,field,11,wickets,3,164,20,N,NA,12,49
392181,2009,6,4/18/2009,5,SR Tendulkar,1,9,1,field,9,runs,19,166,20,N,NA,15,32
392182,2009,6,4/18/2009,5,R Dravid,12,11,12,bat,12,runs,75,134,20,N,NA,15,48
392183,2009,6,4/19/2009,5,DL Vettori,3,5,3,field,3,wickets,10,54,6,N,D/L,38,57
392184,2009,6,4/19/2009,5,RP Singh,2,7,7,bat,2,wickets,8,102,20,N,NA,38,15
392185,2009,35,4/20/2009,5,M Muralitharan,12,1,1,bat,1,runs,92,180,20,N,NA,13,59
392186,2009,16,4/21/2009,5,CH Gayle,5,7,7,field,7,runs,11,69,9.2,N,D/L,20,57
392188,2009,6,4/22/2009,5,AC Gilchrist,12,2,2,bat,2,runs,24,185,20,N,NA,36,8
392189,2009,16,4/23/2009,5,AB de Villiers,1,3,3,bat,3,runs,9,190,20,N,NA,15,59
392190,2009,6,4/23/2009,5,YK Pathan,7,11,7,field,11,tie,NA,151,20,Y,NA,38,36
392191,2009,16,4/24/2009,5,RS Bopara,12,5,12,bat,5,wickets,7,169,20,N,NA,15,65
392192,2009,16,4/25/2009,5,PP Ojha,2,9,2,bat,2,runs,12,169,20,N,NA,25,59
392194,2009,35,4/26/2009,5,TM Dilshan,12,3,12,bat,3,wickets,6,150,20,N,NA,53,13
392195,2009,6,4/26/2009,5,KC Sangakkara,5,11,5,bat,5,runs,27,140,20,N,NA,36,32
392196,2009,16,4/27/2009,5,HH Gibbs,1,2,2,field,2,wickets,6,166,20,N,NA,28,65
392197,2009,35,4/27/2009,5,SR Tendulkar,7,9,9,bat,9,runs,92,188,20,N,NA,13,48
392198,2009,7,4/28/2009,5,YK Pathan,3,11,3,bat,11,wickets,5,144,20,N,NA,22,49
392199,2009,16,4/29/2009,5,MV Boucher,12,7,7,bat,12,wickets,5,140,20,N,NA,38,65
392200,2009,16,4/29/2009,5,KC Sangakkara,5,9,5,bat,5,runs,3,120,20,N,NA,38,61
392201,2009,7,4/30/2009,5,DP Nannes,2,3,3,field,3,wickets,6,149,20,N,NA,22,8
392202,2009,7,4/30/2009,5,SK Raina,1,11,11,field,1,runs,38,165,20,N,NA,22,49
392203,2009,17,5/1/2009,5,JP Duminy,7,9,9,bat,9,runs,9,149,20,N,NA,36,60
392204,2009,16,5/1/2009,5,Yuvraj Singh,12,5,12,bat,12,runs,8,146,20,N,NA,25,55
392205,2009,35,5/2/2009,5,YK Pathan,2,11,2,bat,11,wickets,3,142,20,N,NA,53,13
392206,2009,22,5/2/2009,5,SB Jakati,1,3,3,field,1,runs,18,164,20,N,NA,20,49
392207,2009,35,5/3/2009,5,DPMD Jayawardene,5,7,7,bat,5,wickets,6,154,20,N,NA,53,38
392208,2009,22,5/3/2009,5,JH Kallis,12,9,9,bat,12,wickets,9,150,20,N,NA,49,65
392209,2009,17,5/4/2009,5,MS Dhoni,1,2,1,bat,1,runs,78,179,20,N,NA,15,36
392210,2009,16,5/5/2009,5,GC Smith,5,11,5,field,11,runs,78,212,20,N,NA,62,28
392211,2009,16,5/5/2009,5,G Gambhir,3,7,7,bat,3,wickets,9,155,20,N,NA,22,28
392212,2009,7,5/6/2009,5,RG Sharma,2,9,2,bat,2,runs,19,146,20,N,NA,38,25
392213,2009,7,5/7/2009,5,A Singh,12,11,11,field,11,wickets,7,106,20,N,NA,32,20
392214,2009,7,5/7/2009,5,ML Hayden,1,5,1,bat,1,runs,12,187,18,N,D/L,20,65
392215,2009,17,5/8/2009,5,A Nehra,3,9,9,bat,3,wickets,7,117,20,N,NA,36,60
392216,2009,24,5/9/2009,5,DPMD Jayawardene,2,5,5,field,5,wickets,3,169,20,N,NA,22,8
392217,2009,24,5/9/2009,5,S Badrinath,1,11,11,bat,1,wickets,7,141,20,N,NA,22,25
392218,2009,35,5/10/2009,5,JP Duminy,12,9,9,bat,9,runs,16,158,20,N,NA,15,13
392219,2009,22,5/10/2009,5,A Mishra,3,7,3,field,3,wickets,7,124,20,N,NA,61,48
392220,2009,24,5/11/2009,5,DR Smith,2,11,2,bat,2,runs,53,167,20,N,NA,22,25
392221,2009,7,5/12/2009,5,LRPL Taylor,12,7,12,field,12,wickets,6,174,20,N,NA,36,62
392222,2009,7,5/12/2009,5,Harbhajan Singh,5,9,5,bat,9,wickets,8,120,20,N,NA,62,49
392223,2009,16,5/13/2009,5,R Bhatia,2,3,2,field,3,runs,12,174,20,N,NA,20,61
392224,2009,16,5/14/2009,5,LRPL Taylor,12,1,1,bat,12,wickets,2,130,20,N,NA,15,20
392225,2009,16,5/14/2009,5,SK Warne,9,11,11,bat,11,runs,2,146,20,N,NA,15,20
392226,2009,5,5/15/2009,5,B Lee,3,5,5,field,5,wickets,6,121,20,N,NA,25,28
392227,2009,35,5/16/2009,5,ML Hayden,1,9,9,bat,1,wickets,7,148,20,N,NA,60,59
392228,2009,22,5/16/2009,5,RG Sharma,2,7,2,field,2,wickets,6,161,20,N,NA,49,55
392229,2009,22,5/17/2009,5,Yuvraj Singh,2,5,2,field,5,runs,1,135,20,N,NA,55,48
392230,2009,5,5/17/2009,5,AB de Villiers,3,11,3,bat,3,runs,14,151,20,N,NA,62,28
392231,2009,7,5/18/2009,5,BJ Hodge,1,7,1,bat,7,wickets,7,189,20,N,NA,59,48
392232,2009,22,5/19/2009,5,JH Kallis,12,3,3,bat,12,wickets,7,135,20,N,NA,28,48
392233,2009,16,5/20/2009,5,LR Shukla,7,11,7,field,7,wickets,4,102,20,N,NA,13,59
392234,2009,16,5/20/2009,5,M Muralitharan,1,5,1,bat,1,runs,24,117,20,N,NA,13,59
392235,2009,7,5/21/2009,5,V Sehwag,3,9,3,field,3,wickets,4,166,20,N,NA,28,55
392236,2009,7,5/21/2009,5,MK Pandey,12,2,12,bat,12,runs,12,171,20,N,NA,28,55
392237,2009,7,5/22/2009,8,AC Gilchrist,3,2,2,field,2,wickets,6,154,20,N,NA,15,20
392238,2009,22,5/23/2009,8,MK Pandey,12,1,12,field,12,wickets,6,147,20,N,NA,49,59
392239,2009,22,5/24/2009,4,A Kumble,12,2,12,field,2,runs,6,144,20,N,NA,49,59
419106,2010,30,3/12/2010,5,AD Mathews,2,7,2,field,7,runs,11,162,20,N,NA,49,48
419107,2010,29,3/13/2010,5,YK Pathan,9,11,9,bat,9,runs,4,213,20,N,NA,49,48
419108,2010,9,3/13/2010,5,G Gambhir,5,3,3,field,3,wickets,5,143,20,N,NA,15,55
419109,2010,26,3/14/2010,5,MK Tiwary,7,12,7,field,7,wickets,7,136,20,N,NA,25,8
419110,2010,10,3/14/2010,5,WPUJC Vaas,1,2,2,bat,2,runs,31,191,20,N,NA,32,20
419111,2010,3,3/15/2010,5,V Sehwag,11,3,3,field,3,wickets,6,142,20,N,NA,13,49
419112,2010,4,3/16/2010,5,JH Kallis,12,5,5,bat,12,wickets,8,204,20,N,NA,54,20
419113,2010,26,3/16/2010,5,MS Dhoni,7,1,1,bat,1,runs,55,165,20,N,NA,25,8
419114,2010,13,3/17/2010,5,SR Tendulkar,3,9,3,field,9,runs,98,219,20,N,NA,15,60
419115,2010,4,3/18/2010,5,JH Kallis,12,11,12,field,12,wickets,10,93,20,N,NA,32,20
419116,2010,13,3/19/2010,5,ML Hayden,3,1,3,bat,1,wickets,5,186,20,N,NA,15,60
419117,2010,11,3/19/2010,5,A Symonds,2,5,5,field,2,runs,6,171,20,N,NA,12,36
419118,2010,3,3/20/2010,5,AA Jhunjhunwala,11,7,11,bat,11,runs,34,169,20,N,NA,49,48
419119,2010,29,3/20/2010,5,JH Kallis,9,12,9,bat,12,wickets,7,152,20,N,NA,25,62
419120,2010,11,3/21/2010,5,A Symonds,2,3,2,bat,2,runs,10,172,20,N,NA,12,36
419121,2010,10,3/21/2010,5,J Theron,1,5,1,field,5,tie,NA,137,20,Y,NA,32,20
419122,2010,29,3/22/2010,5,SR Tendulkar,9,7,7,bat,9,wickets,7,156,20,N,NA,62,59
419123,2010,4,3/23/2010,5,RV Uthappa,12,1,1,field,12,runs,36,172,20,N,NA,49,48
419124,2010,9,3/24/2010,5,AC Voges,5,11,5,field,11,runs,31,184,20,N,NA,15,60
419125,2010,29,3/25/2010,5,SR Tendulkar,1,9,9,field,9,wickets,5,181,20,N,NA,8,12
419128,2010,4,3/25/2010,5,KM Jadhav,12,3,12,field,3,runs,17,184,20,N,NA,13,49
419126,2010,3,3/26/2010,5,YK Pathan,11,2,2,bat,11,wickets,8,149,20,N,NA,25,59
419127,2010,9,3/27/2010,5,MK Tiwary,5,7,7,bat,7,runs,39,184,20,N,NA,15,55
419129,2010,3,3/28/2010,5,NV Ojha,11,1,11,bat,11,runs,17,178,20,N,NA,62,59
419130,2010,30,3/28/2010,5,Harbhajan Singh,2,9,2,field,9,runs,41,173,20,N,NA,54,32
419131,2010,13,3/29/2010,5,DA Warner,3,7,3,bat,3,runs,40,178,20,N,NA,62,59
419132,2010,29,3/30/2010,5,SL Malinga,9,5,9,field,9,wickets,4,164,20,N,NA,15,60
419133,2010,10,3/31/2010,5,M Vijay,1,12,12,bat,1,wickets,5,162,20,N,NA,13,49
419134,2010,13,3/31/2010,5,KD Karthik,3,11,3,bat,3,runs,67,189,20,N,NA,25,59
419135,2010,26,4/1/2010,5,SC Ganguly,7,2,7,bat,7,runs,24,182,20,N,NA,32,20
419136,2010,9,4/2/2010,5,KP Pietersen,5,12,5,bat,12,wickets,6,182,20,N,NA,12,36
419137,2010,10,4/3/2010,5,M Vijay,1,11,1,bat,1,runs,23,247,20,N,NA,49,48
419138,2010,29,4/3/2010,5,AT Rayudu,9,2,9,bat,9,runs,63,179,20,N,NA,15,55
419139,2010,26,4/4/2010,5,DPMD Jayawardene,7,5,7,bat,5,wickets,8,201,20,N,NA,53,20
419140,2010,13,4/4/2010,5,PD Collingwood,3,12,3,bat,3,runs,37,185,20,N,NA,12,36
419141,2010,33,4/5/2010,5,SK Warne,2,11,11,bat,11,runs,2,160,20,N,NA,25,59
419142,2010,10,4/6/2010,5,SK Raina,1,9,1,bat,1,runs,24,166,20,N,NA,53,20
419143,2010,21,4/7/2010,5,MJ Lumb,11,5,5,bat,11,wickets,9,154,20,N,NA,55,60
419144,2010,26,4/7/2010,5,SC Ganguly,7,3,7,bat,7,runs,14,182,20,N,NA,13,49
419145,2010,4,4/8/2010,5,TL Suman,12,2,2,field,2,wickets,7,185,20,N,NA,53,20
419146,2010,9,4/9/2010,5,KC Sangakkara,5,9,9,bat,5,wickets,6,155,20,N,NA,36,8
419147,2010,33,4/10/2010,5,RJ Harris,2,1,1,bat,2,wickets,6,139,20,N,NA,25,59
419148,2010,4,4/10/2010,5,R Vinay Kumar,12,7,12,field,12,wickets,7,161,20,N,NA,32,20
419149,2010,13,4/11/2010,5,PP Chawla,3,5,3,bat,5,wickets,7,112,20,N,NA,12,8
419150,2010,21,4/11/2010,5,SR Tendulkar,11,9,11,field,9,runs,37,175,20,N,NA,15,60
419151,2010,33,4/12/2010,5,Harmeet Singh,2,12,12,field,2,runs,13,152,20,N,NA,49,48
419152,2010,29,4/13/2010,5,KA Pollard,9,3,9,bat,9,runs,39,184,20,N,NA,53,20
419153,2010,10,4/13/2010,5,R Ashwin,1,7,7,bat,1,wickets,9,140,20,N,NA,62,59
419154,2010,21,4/14/2010,5,KP Pietersen,11,12,11,bat,12,wickets,5,131,20,N,NA,15,55
419155,2010,10,4/15/2010,5,G Gambhir,1,3,1,bat,3,wickets,6,113,20,N,NA,25,62
419156,2010,14,4/16/2010,5,RG Sharma,5,2,2,field,2,wickets,5,175,20,N,NA,36,8
419157,2010,4,4/17/2010,5,R McLaren,12,9,12,field,9,runs,57,192,20,N,NA,25,59
419158,2010,26,4/17/2010,5,JD Unadkat,7,11,11,bat,7,wickets,8,133,20,N,NA,13,48
419159,2010,14,4/18/2010,5,MS Dhoni,5,1,1,field,1,wickets,6,193,20,N,NA,12,8
419160,2010,13,4/18/2010,5,A Symonds,3,2,2,bat,2,runs,11,146,20,N,NA,15,60
419161,2010,26,4/19/2010,5,M Kartik,7,9,9,bat,7,wickets,9,134,20,N,NA,13,49
419162,2010,30,4/21/2010,8,KA Pollard,12,9,9,bat,9,runs,35,185,20,N,NA,15,48
419163,2010,30,4/22/2010,8,DE Bollinger,1,2,1,bat,1,runs,38,143,20,N,NA,15,48
419164,2010,30,4/24/2010,1,A Kumble,12,2,2,bat,12,wickets,9,83,20,N,NA,49,59
419165,2010,30,4/25/2010,4,SK Raina,1,9,1,bat,1,runs,22,169,20,N,NA,49,59
501198,2011,10,4/8/2011,5,S Anirudha,1,7,1,bat,1,runs,2,154,20,N,NA,15,46
501199,2011,19,4/9/2011,5,SK Trivedi,2,11,11,field,11,wickets,8,138,20,N,NA,49,60
501200,2011,25,4/9/2011,5,AB de Villiers,6,12,6,bat,12,wickets,6,162,20,N,NA,25,32
501201,2011,13,4/10/2011,5,SL Malinga,3,9,3,bat,9,wickets,8,96,20,N,NA,8,48
501202,2011,30,4/10/2011,5,SB Wagh,10,5,5,bat,10,wickets,7,113,20,N,NA,15,46
501203,2011,26,4/11/2011,5,JH Kallis,7,2,7,bat,7,runs,9,164,20,N,NA,49,60
501204,2011,21,4/12/2011,5,SK Warne,11,3,3,bat,11,wickets,6,152,20,N,NA,7,48
501205,2011,4,4/12/2011,5,SR Tendulkar,12,9,9,field,9,wickets,9,141,20,N,NA,25,6
501206,2011,9,4/13/2011,5,PC Valthaty,5,1,5,field,5,wickets,6,189,20,N,NA,9,61
501207,2011,30,4/13/2011,5,MD Mishra,10,6,6,bat,10,wickets,4,149,20,N,NA,53,46
501208,2011,19,4/14/2011,5,DW Steyn,2,12,12,field,2,runs,33,176,20,N,NA,49,55
501209,2011,21,4/15/2011,5,G Gambhir,11,7,7,field,7,wickets,9,160,20,N,NA,7,62
501210,2011,31,4/15/2011,5,BB McCullum,9,6,6,field,6,wickets,8,183,20,N,NA,15,46
501211,2011,10,4/16/2011,5,MEK Hussey,1,12,1,bat,1,runs,21,184,20,N,NA,25,6
501212,2011,19,4/16/2011,5,PC Valthaty,2,5,5,field,5,wickets,8,166,20,N,NA,49,55
501213,2011,30,4/17/2011,5,Yuvraj Singh,10,3,3,field,3,wickets,3,188,20,N,NA,9,8
501214,2011,26,4/17/2011,5,L Balaji,7,11,7,field,7,wickets,8,82,20,N,NA,7,48
501215,2011,25,4/18/2011,5,BB McCullum,6,1,6,field,6,wickets,7,135,17,N,D/L,32,6
501216,2011,13,4/19/2011,5,S Sohal,3,2,2,bat,2,runs,16,169,20,N,NA,46,50
501218,2011,31,4/20/2011,5,MM Patel,9,10,10,bat,9,wickets,7,119,20,N,NA,9,8
501219,2011,26,4/20/2011,5,DPMD Jayawardene,7,6,7,field,6,runs,6,133,20,N,NA,7,48
501220,2011,9,4/21/2011,5,SE Marsh,5,11,11,field,5,runs,48,196,20,N,NA,53,46
501221,2011,31,4/22/2011,5,Harbhajan Singh,9,1,1,field,9,runs,8,165,20,N,NA,9,8
501222,2011,26,4/22/2011,5,CH Gayle,7,12,12,field,12,wickets,9,172,20,N,NA,62,48
501223,2011,13,4/23/2011,5,DA Warner,3,5,5,field,3,runs,29,232,20,N,NA,53,49
501224,2011,19,4/24/2011,5,SL Malinga,2,9,2,field,9,runs,37,173,20,N,NA,25,6
501225,2011,21,4/24/2011,5,SK Warne,11,6,11,field,11,wickets,8,110,20,N,NA,15,60
501226,2011,10,4/25/2011,5,MEK Hussey,1,10,10,field,1,runs,25,143,20,N,NA,7,48
501227,2011,13,4/26/2011,5,V Kohli,3,12,12,field,12,wickets,3,161,20,N,NA,53,50
501228,2011,30,4/27/2011,5,DE Bollinger,10,1,10,bat,1,wickets,8,142,20,N,NA,9,61
501229,2011,25,4/27/2011,5,I Sharma,6,2,6,field,2,runs,55,130,20,N,NA,25,6
501230,2011,13,4/28/2011,5,MK Tiwary,3,7,3,field,7,runs,17,149,20,N,NA,46,50
501231,2011,21,4/29/2011,5,J Botha,11,9,11,field,11,wickets,7,95,20,N,NA,9,60
501232,2011,4,4/29/2011,5,V Kohli,12,10,10,field,12,runs,26,182,20,N,NA,7,62
501233,2011,25,4/30/2011,5,V Sehwag,6,3,3,bat,3,runs,38,158,20,N,NA,25,6
501234,2011,26,4/30/2011,5,Iqbal Abdulla,7,5,7,field,7,wickets,8,120,20,N,NA,8,61
501235,2011,21,5/1/2011,5,LRPL Taylor,11,10,11,field,11,wickets,6,144,20,N,NA,60,59
501236,2011,10,5/1/2011,5,JA Morkel,1,2,1,bat,1,runs,19,166,20,N,NA,7,48
501237,2011,31,5/2/2011,5,KA Pollard,9,5,5,field,9,runs,23,160,20,N,NA,25,46
501238,2011,13,5/2/2011,5,P Parameswaran,3,6,6,field,6,wickets,7,141,20,N,NA,9,61
501239,2011,19,5/3/2011,5,YK Pathan,2,7,2,field,7,runs,20,170,20,N,NA,53,50
501240,2011,10,5/4/2011,5,MEK Hussey,1,11,11,bat,1,wickets,8,148,20,N,NA,62,48
501241,2011,30,5/4/2011,5,R Sharma,10,9,10,field,9,runs,21,161,20,N,NA,25,59
501242,2011,25,5/5/2011,5,BJ Hodge,6,7,7,field,6,runs,17,157,20,N,NA,55,50
501243,2011,19,5/5/2011,5,V Sehwag,2,3,3,field,3,wickets,4,176,20,N,NA,9,8
501244,2011,4,5/6/2011,5,CH Gayle,12,5,5,field,12,runs,85,206,20,N,NA,7,48
501245,2011,26,5/7/2011,5,Iqbal Abdulla,7,1,1,bat,7,runs,10,52,10,N,D/L,9,46
501246,2011,31,5/7/2011,5,AT Rayudu,9,3,3,field,9,runs,32,179,20,N,NA,32,59
501247,2011,4,5/8/2011,5,CH Gayle,12,6,6,bat,12,wickets,9,126,20,N,NA,7,62
501248,2011,9,5/8/2011,5,R Sharma,5,10,5,bat,10,wickets,5,120,20,N,NA,60,50
501249,2011,21,5/9/2011,5,M Vijay,11,1,11,field,1,runs,63,197,20,N,NA,32,59
501250,2011,19,5/10/2011,5,MR Marsh,2,10,2,bat,10,wickets,6,137,20,N,NA,9,8
501251,2011,9,5/10/2011,5,BA Bhatt,5,9,9,field,5,runs,76,164,20,N,NA,60,50
501252,2011,21,5/11/2011,5,S Aravind,11,12,12,field,12,wickets,9,147,20,N,NA,25,32
501253,2011,10,5/12/2011,5,MS Dhoni,1,3,1,bat,1,runs,18,177,20,N,NA,8,61
501254,2011,20,5/13/2011,5,KD Karthik,6,5,5,field,5,wickets,6,179,20,N,NA,53,50
501255,2011,4,5/14/2011,5,CH Gayle,12,7,12,field,12,wickets,4,102,13,N,D/L,49,48
501256,2011,31,5/14/2011,5,A Mishra,9,2,2,bat,2,runs,10,136,20,N,NA,55,60
501257,2011,14,5/15/2011,5,PP Chawla,5,3,3,field,5,runs,29,171,20,N,NA,9,61
501258,2011,20,5/15/2011,5,BJ Hodge,6,11,6,field,6,wickets,8,98,20,N,NA,46,50
501259,2011,30,5/16/2011,5,A Mishra,10,2,2,field,2,wickets,6,137,20,N,NA,55,60
501260,2011,14,5/17/2011,5,AC Gilchrist,5,12,5,bat,5,runs,111,233,20,N,NA,9,8
501261,2011,10,5/18/2011,5,WP Saha,1,6,1,bat,1,runs,11,153,20,N,NA,25,49
501262,2011,30,5/19/2011,5,YK Pathan,10,7,7,field,7,wickets,7,119,20,N,NA,55,59
501263,2011,31,5/20/2011,5,SR Watson,9,11,9,bat,11,wickets,10,134,20,N,NA,49,46
501264,2011,14,5/21/2011,5,S Dhawan,5,2,5,field,2,runs,82,199,20,N,NA,9,8
501265,2011,13,5/21/2011,5,NA,3,10,3,bat,#N/A,no result,NA,NA,NA,N,NA,62,50
501266,2011,4,5/22/2011,5,CH Gayle,12,1,12,field,12,wickets,8,129,20,N,NA,32,49
501267,2011,26,5/22/2011,5,JEC Franklin,7,9,9,field,9,wickets,5,176,20,N,NA,60,59
501268,2011,31,5/24/2011,6,SK Raina,12,1,1,field,1,wickets,6,176,20,N,NA,9,59
501269,2011,31,5/25/2011,2,MM Patel,9,7,9,field,9,wickets,4,148,20,N,NA,9,59
501270,2011,10,5/27/2011,7,CH Gayle,12,9,9,field,12,runs,43,186,20,N,NA,9,59
501271,2011,10,5/28/2011,4,M Vijay,1,12,1,bat,1,runs,58,206,20,N,NA,9,59
548306,2012,10,4/4/2012,5,RE Levi,1,9,9,field,9,wickets,8,113,20,N,NA,30,59
548307,2012,26,4/5/2012,5,IK Pathan,7,3,3,field,3,wickets,8,98,12,N,NA,53,25
548308,2012,31,4/6/2012,5,SPD Smith,9,10,9,field,10,runs,28,130,20,N,NA,5,59
548309,2012,21,4/6/2012,5,AM Rahane,11,5,5,field,11,runs,31,192,20,N,NA,12,60
548310,2012,4,4/7/2012,5,AB de Villiers,12,3,3,field,12,runs,20,158,20,N,NA,53,55
548311,2012,41,4/7/2012,5,RA Jadeja,2,1,2,field,1,runs,74,194,20,N,NA,30,25
548312,2012,21,4/8/2012,5,BJ Hodge,11,7,7,field,11,runs,22,165,20,N,NA,12,67
548313,2012,37,4/8/2012,5,MN Samuels,10,5,10,bat,10,runs,22,167,20,N,NA,54,59
548314,2012,41,4/9/2012,5,RG Sharma,2,9,2,bat,9,wickets,5,139,20,N,NA,5,30
548315,2012,4,4/10/2012,5,L Balaji,12,7,12,field,7,runs,42,166,20,N,NA,55,50
548316,2012,13,4/10/2012,5,M Morkel,3,1,3,field,3,wickets,8,111,20,N,NA,9,60
548317,2012,31,4/11/2012,5,KA Pollard,9,11,11,field,9,runs,27,198,20,N,NA,7,14
548318,2012,10,4/12/2012,5,F du Plessis,1,12,12,bat,1,wickets,5,206,20,N,NA,25,50
548319,2012,9,4/12/2012,5,AD Mascarenhas,5,10,5,field,5,wickets,7,116,20,N,NA,67,60
548320,2012,26,4/13/2012,5,Shakib Al Hasan,7,11,11,bat,7,wickets,5,132,20,N,NA,9,53
548322,2012,37,4/14/2012,5,JD Ryder,10,1,1,bat,10,wickets,7,156,20,N,NA,7,14
548323,2012,26,4/15/2012,5,SP Narine,7,5,7,field,5,runs,2,135,20,N,NA,9,53
548324,2012,4,4/15/2012,5,AM Rahane,12,11,11,bat,11,runs,59,196,20,N,NA,30,50
548325,2012,31,4/16/2012,5,S Nadeem,9,3,3,field,3,wickets,7,93,20,N,NA,12,60
548326,2012,21,4/17/2012,5,BJ Hodge,11,2,2,bat,11,wickets,5,197,20,N,NA,7,14
548327,2012,4,4/17/2012,5,CH Gayle,12,10,10,bat,12,wickets,6,183,20,N,NA,53,54
548328,2012,9,4/18/2012,5,G Gambhir,5,7,5,bat,7,wickets,8,125,20,N,NA,30,50
548321,2012,13,4/19/2012,5,KP Pietersen,3,2,2,bat,3,wickets,5,158,20,N,NA,12,60
548330,2012,10,4/19/2012,5,KMDN Kulasekara,1,10,10,field,1,runs,13,165,20,N,NA,9,54
548331,2012,9,4/20/2012,5,CH Gayle,5,12,12,field,12,wickets,5,164,20,N,NA,55,50
548332,2012,10,4/21/2012,5,F du Plessis,1,11,11,bat,1,wickets,7,147,20,N,NA,7,14
548333,2012,13,4/21/2012,5,SC Ganguly,3,10,3,field,10,runs,20,193,20,N,NA,9,54
548334,2012,31,4/22/2012,5,SE Marsh,9,5,9,bat,5,wickets,6,164,20,N,NA,55,50
548335,2012,11,4/22/2012,5,B Lee,2,7,7,field,7,wickets,5,127,20,N,NA,12,60
548336,2012,21,4/23/2012,5,AB de Villiers,11,12,11,field,12,runs,46,190,20,N,NA,9,53
548337,2012,37,4/24/2012,5,V Sehwag,10,3,10,bat,3,wickets,8,147,20,N,NA,55,50
548339,2012,9,4/25/2012,5,AT Rayudu,5,9,5,bat,9,wickets,4,169,20,N,NA,7,14
548341,2012,37,4/26/2012,5,CL White,10,2,2,bat,2,runs,18,178,20,N,NA,55,50
548342,2012,13,4/27/2012,5,V Sehwag,3,9,9,field,3,runs,37,208,20,N,NA,7,14
548343,2012,10,4/28/2012,5,Mandeep Singh,1,5,5,bat,5,runs,7,157,20,N,NA,12,60
548344,2012,26,4/28/2012,5,G Gambhir,7,12,7,bat,7,runs,47,191,20,N,NA,9,15
548345,2012,13,4/29/2012,5,V Sehwag,3,11,3,bat,3,runs,1,153,20,N,NA,55,50
548346,2012,31,4/29/2012,5,DW Steyn,9,2,9,field,9,wickets,5,101,20,N,NA,5,14
548347,2012,10,4/30/2012,5,G Gambhir,1,7,1,bat,7,wickets,5,140,20,N,NA,12,16
548348,2012,11,5/1/2012,5,KC Sangakkara,2,10,2,bat,2,runs,13,187,20,N,NA,7,5
548349,2012,21,5/1/2012,5,P Negi,11,3,11,bat,3,wickets,6,142,20,N,NA,30,59
548350,2012,4,5/2/2012,5,Azhar Mahmood,12,5,5,field,5,wickets,4,159,20,N,NA,12,16
548351,2012,37,5/3/2012,5,SL Malinga,10,9,9,bat,9,runs,1,121,20,N,NA,9,53
548352,2012,10,5/4/2012,5,SK Raina,1,2,1,bat,1,runs,10,161,20,N,NA,25,14
548353,2012,26,5/5/2012,5,SP Narine,7,10,7,bat,7,runs,7,151,20,N,NA,12,60
548354,2012,9,5/5/2012,5,SR Watson,5,11,11,bat,11,runs,43,178,20,N,NA,30,59
548355,2012,31,5/6/2012,5,DR Smith,9,1,9,field,9,wickets,2,174,20,N,NA,9,53
548356,2012,4,5/6/2012,5,AB de Villiers,12,2,12,field,12,wickets,5,182,20,N,NA,25,14
548357,2012,13,5/7/2012,5,JH Kallis,3,7,3,bat,7,wickets,6,154,20,N,NA,30,55
548358,2012,37,5/8/2012,5,SR Watson,10,11,10,bat,11,wickets,7,126,20,N,NA,9,15
548359,2012,19,5/8/2012,5,Mandeep Singh,2,5,2,field,5,runs,25,171,20,N,NA,25,14
548360,2012,31,5/9/2012,5,CH Gayle,9,12,12,field,12,wickets,9,142,20,N,NA,12,67
548329,2012,19,5/10/2012,5,DA Warner,2,3,2,bat,3,wickets,9,188,20,N,NA,30,59
548361,2012,21,5/10/2012,5,BW Hilfenhaus,11,1,1,field,1,wickets,4,127,20,N,NA,14,16
548362,2012,37,5/11/2012,5,CH Gayle,10,12,10,field,12,runs,35,174,20,N,NA,12,60
548363,2012,26,5/12/2012,5,RG Sharma,7,9,9,bat,9,runs,27,183,20,N,NA,55,59
548364,2012,10,5/12/2012,5,BW Hilfenhaus,1,3,1,field,1,wickets,9,115,20,N,NA,54,15
548365,2012,21,5/13/2012,5,A Chandila,11,10,11,bat,11,runs,45,171,20,N,NA,12,60
548366,2012,9,5/13/2012,5,DJ Hussey,5,2,2,bat,5,wickets,4,191,20,N,NA,25,14
548367,2012,4,5/14/2012,5,AT Rayudu,12,9,9,field,9,wickets,5,172,20,N,NA,54,15
548368,2012,26,5/14/2012,5,MEK Hussey,7,1,1,field,1,wickets,5,159,20,N,NA,30,59
548369,2012,13,5/15/2012,5,UT Yadav,3,5,5,bat,3,wickets,5,137,20,N,NA,25,14
548370,2012,31,5/16/2012,5,SP Narine,9,7,9,field,7,runs,32,141,20,N,NA,54,15
548371,2012,14,5/17/2012,5,AC Gilchrist,5,1,5,field,5,wickets,6,121,20,N,NA,67,60
548372,2012,13,5/17/2012,5,CH Gayle,3,12,3,field,12,runs,21,216,20,N,NA,25,16
548373,2012,19,5/18/2012,5,DW Steyn,2,11,11,bat,2,wickets,5,127,20,N,NA,55,59
548374,2012,14,5/19/2012,5,UT Yadav,5,3,3,field,3,wickets,6,142,20,N,NA,12,67
548375,2012,37,5/19/2012,5,Shakib Al Hasan,10,7,7,bat,7,runs,34,137,20,N,NA,53,15
548376,2012,19,5/20/2012,5,DW Steyn,2,12,12,field,2,runs,9,133,20,N,NA,55,59
548377,2012,21,5/20/2012,5,DR Smith,11,9,11,bat,9,wickets,10,163,20,N,NA,25,16
548378,2012,37,5/22/2012,6,YK Pathan,3,7,7,bat,7,runs,18,163,20,N,NA,15,59
548379,2012,4,5/23/2012,2,MS Dhoni,1,9,9,field,1,runs,38,188,20,N,NA,12,25
548380,2012,10,5/25/2012,7,M Vijay,3,1,3,field,1,runs,86,223,20,N,NA,15,59
548381,2012,10,5/27/2012,4,MS Bisla,7,1,1,bat,7,wickets,5,191,20,N,NA,12,59
597998,2013,26,4/3/2013,5,SP Narine,7,3,7,field,7,wickets,6,129,20,N,NA,55,59
597999,2013,4,4/4/2013,5,CH Gayle,12,9,9,field,12,runs,2,157,20,N,NA,67,16
598000,2013,19,4/5/2013,5,A Mishra,2,10,10,field,2,runs,22,127,20,N,NA,55,59
598001,2013,13,4/6/2013,5,R Dravid,3,11,11,bat,11,runs,5,166,20,N,NA,54,16
598002,2013,10,4/6/2013,5,KA Pollard,1,9,9,bat,9,runs,9,149,20,N,NA,36,67
598003,2013,37,4/7/2013,5,M Vohra,10,5,10,bat,5,wickets,8,100,20,N,NA,53,59
598004,2013,19,4/7/2013,5,GH Vihari,2,12,12,bat,2,tie,NA,131,20,Y,NA,5,55
598005,2013,21,4/8/2013,5,SK Trivedi,11,7,7,field,11,runs,19,145,20,N,NA,7,54
598006,2013,31,4/9/2013,5,KD Karthik,9,3,9,bat,9,runs,44,210,20,N,NA,36,67
598048,2013,4,4/9/2013,5,V Kohli,12,2,2,bat,12,wickets,7,162,20,N,NA,55,59
598007,2013,9,4/10/2013,5,MEK Hussey,5,1,1,field,1,wickets,10,139,20,N,NA,7,16
598008,2013,4,4/11/2013,5,CH Gayle,12,7,12,field,12,wickets,8,155,20,N,NA,9,5
598009,2013,37,4/11/2013,5,AJ Finch,10,11,11,bat,10,wickets,7,146,20,N,NA,36,33
598010,2013,13,4/12/2013,5,A Mishra,3,2,3,bat,2,wickets,3,115,20,N,NA,7,63
598011,2013,31,4/13/2013,5,RG Sharma,9,10,9,bat,9,runs,41,184,20,N,NA,55,59
598012,2013,10,4/13/2013,5,RA Jadeja,1,12,1,field,1,wickets,4,166,20,N,NA,9,5
598013,2013,26,4/14/2013,5,G Gambhir,7,2,7,bat,7,runs,48,181,20,N,NA,36,67
598014,2013,21,4/14/2013,5,JP Faulkner,11,5,11,field,11,wickets,6,125,20,N,NA,7,16
598015,2013,10,4/15/2013,5,SPD Smith,1,10,10,bat,10,runs,24,160,20,N,NA,9,5
598016,2013,9,4/16/2013,5,MS Gony,5,7,7,field,5,runs,4,158,20,N,NA,19,59
598017,2013,4,4/16/2013,5,V Kohli,12,3,12,field,12,tie,NA,153,20,Y,NA,36,67
598018,2013,36,4/17/2013,5,A Mishra,10,2,10,field,2,runs,11,120,20,N,NA,9,5
598019,2013,21,4/17/2013,5,AM Rahane,11,9,11,bat,11,runs,87,180,20,N,NA,7,16
598020,2013,13,4/18/2013,5,MEK Hussey,3,1,1,bat,1,runs,86,170,20,N,NA,36,67
598021,2013,19,4/19/2013,5,GH Vihari,2,5,5,bat,2,wickets,5,124,20,N,NA,25,19
598022,2013,26,4/20/2013,5,RA Jadeja,7,1,7,bat,1,wickets,4,120,20,N,NA,9,5
598023,2013,4,4/20/2013,5,R Vinay Kumar,12,11,12,field,12,wickets,7,118,20,N,NA,7,16
598024,2013,13,4/21/2013,5,V Sehwag,3,9,9,bat,3,wickets,9,162,20,N,NA,25,55
598025,2013,9,4/21/2013,5,DA Miller,5,10,5,field,5,wickets,7,186,20,N,NA,36,33
598026,2013,10,4/22/2013,5,MEK Hussey,1,11,11,bat,1,wickets,5,186,20,N,NA,53,5
598027,2013,4,4/23/2013,5,CH Gayle,12,10,10,field,12,runs,130,264,20,N,NA,7,16
598059,2013,13,4/23/2013,5,Harmeet Singh,3,5,5,field,5,wickets,5,121,20,N,NA,67,33
598029,2013,26,4/24/2013,5,DR Smith,7,9,7,bat,9,wickets,5,160,20,N,NA,25,55
598030,2013,10,4/25/2013,5,MS Dhoni,1,2,2,bat,1,wickets,5,160,20,N,NA,7,54
598031,2013,26,4/26/2013,5,JH Kallis,7,5,5,bat,7,wickets,6,150,20,N,NA,19,55
598032,2013,21,4/27/2013,5,JP Faulkner,11,2,2,bat,11,wickets,8,145,20,N,NA,67,33
598033,2013,31,4/27/2013,5,DR Smith,9,12,9,bat,9,runs,58,195,20,N,NA,9,53
598034,2013,10,4/28/2013,5,MEK Hussey,1,7,7,field,1,runs,14,201,20,N,NA,7,59
598035,2013,38,4/28/2013,5,DA Warner,3,10,10,field,3,runs,15,165,20,N,NA,19,55
598036,2013,21,4/29/2013,5,SV Samson,11,12,11,field,11,wickets,4,172,20,N,NA,36,33
598037,2013,31,4/29/2013,5,RG Sharma,9,5,9,bat,9,runs,4,175,20,N,NA,9,5
598038,2013,37,4/30/2013,5,MS Dhoni,10,1,1,bat,1,runs,37,165,20,N,NA,54,59
598039,2013,19,5/1/2013,5,I Sharma,2,9,9,bat,2,wickets,7,130,20,N,NA,9,53
598040,2013,38,5/1/2013,5,DA Warner,3,7,7,bat,3,wickets,7,137,20,N,NA,25,19
598041,2013,10,5/2/2013,5,SK Raina,1,5,1,bat,1,runs,15,187,20,N,NA,36,67
598042,2013,37,5/2/2013,5,AB de Villiers,10,12,12,bat,12,runs,17,188,20,N,NA,7,16
598043,2013,26,5/3/2013,5,YK Pathan,7,11,11,bat,7,wickets,8,133,20,N,NA,25,19
598044,2013,19,5/4/2013,5,DJG Sammy,2,3,3,bat,2,wickets,6,81,20,N,NA,9,53
598046,2013,31,5/5/2013,5,MG Johnson,9,1,9,bat,9,runs,60,140,20,N,NA,25,19
598047,2013,21,5/5/2013,5,AM Rahane,11,10,10,bat,11,wickets,5,179,20,N,NA,16,50
598064,2013,9,5/6/2013,5,DA Miller,5,12,5,field,5,wickets,6,191,20,N,NA,67,44
598049,2013,21,5/7/2013,5,AM Rahane,11,3,3,bat,11,wickets,9,155,20,N,NA,7,50
598050,2013,31,5/7/2013,5,SR Tendulkar,9,7,9,bat,9,runs,65,171,20,N,NA,25,55
598051,2013,19,5/8/2013,5,SK Raina,2,1,2,field,1,runs,77,224,20,N,NA,54,44
598052,2013,9,5/9/2013,5,KK Cooper,5,11,11,field,11,wickets,8,146,20,N,NA,25,55
598053,2013,37,5/9/2013,5,G Gambhir,10,7,7,bat,7,runs,46,153,20,N,NA,9,53
598054,2013,13,5/10/2013,5,JD Unadkat,3,12,3,field,12,runs,4,184,20,N,NA,44,33
598055,2013,37,5/11/2013,5,MG Johnson,10,9,10,bat,9,wickets,5,113,20,N,NA,9,5
598056,2013,9,5/11/2013,5,PA Patel,5,2,5,field,2,runs,30,151,20,N,NA,54,50
598057,2013,40,5/12/2013,5,JH Kallis,7,12,7,field,7,wickets,5,116,20,N,NA,44,33
598058,2013,21,5/12/2013,5,SR Watson,11,1,11,field,11,wickets,5,142,20,N,NA,25,19
598060,2013,31,5/13/2013,5,KA Pollard,9,2,2,bat,9,wickets,7,179,20,N,NA,5,59
598045,2013,4,5/14/2013,5,AC Gilchrist,12,5,5,field,5,wickets,7,175,20,N,NA,25,55
598062,2013,10,5/14/2013,5,MS Dhoni,1,3,1,bat,1,runs,33,169,20,N,NA,16,50
598061,2013,40,5/15/2013,5,MK Pandey,7,10,7,field,10,runs,7,171,20,N,NA,44,33
598063,2013,31,5/15/2013,5,AP Tare,9,11,11,field,9,runs,14,167,20,N,NA,9,53
598028,2013,14,5/16/2013,5,DA Miller,5,3,3,field,5,runs,7,172,20,N,NA,25,55
598065,2013,19,5/17/2013,5,A Mishra,2,11,2,bat,2,runs,23,137,20,N,NA,9,5
598066,2013,14,5/18/2013,5,Azhar Mahmood,5,9,9,field,5,runs,50,184,20,N,NA,25,19
598068,2013,4,5/18/2013,5,V Kohli,12,1,1,field,12,runs,24,107,8,N,NA,16,50
598067,2013,37,5/19/2013,5,LJ Wright,10,3,10,bat,10,runs,38,173,20,N,NA,44,59
598069,2013,19,5/19/2013,5,PA Patel,2,7,7,bat,2,wickets,5,131,20,N,NA,9,53
598070,2013,13,5/21/2013,6,MEK Hussey,1,9,1,bat,1,runs,48,193,20,N,NA,44,50
598071,2013,13,5/22/2013,3,BJ Hodge,11,2,2,bat,11,wickets,4,133,20,N,NA,55,50
598072,2013,26,5/24/2013,7,Harbhajan Singh,9,11,11,bat,9,wickets,4,166,20,N,NA,16,59
598073,2013,26,5/26/2013,4,KA Pollard,1,9,9,bat,9,runs,23,149,20,N,NA,25,59
729279,2014,1,4/16/2014,5,JH Kallis,9,7,7,bat,7,runs,41,164,20,N,NA,36,51
729281,2014,32,4/17/2014,5,YS Chahal,3,12,12,field,12,wickets,8,146,20,N,NA,7,55
729283,2014,1,4/18/2014,5,GJ Maxwell,1,5,1,bat,5,wickets,6,206,20,N,NA,51,16
729285,2014,1,4/18/2014,5,AM Rahane,2,11,11,field,11,wickets,4,134,20,N,NA,12,51
729287,2014,15,4/19/2014,5,PA Patel,12,9,12,field,12,wickets,7,116,20,N,NA,7,5
729289,2014,15,4/19/2014,5,JP Duminy,7,3,7,bat,3,wickets,4,167,20,N,NA,7,67
729291,2014,32,4/20/2014,5,GJ Maxwell,11,5,5,field,5,wickets,7,192,20,N,NA,12,36
729293,2014,1,4/21/2014,5,SK Raina,1,3,1,bat,1,runs,93,178,20,N,NA,51,16
729295,2014,32,4/22/2014,5,GJ Maxwell,5,2,2,field,5,runs,72,194,20,N,NA,36,55
729297,2014,15,4/23/2014,5,RA Jadeja,11,1,11,field,1,runs,7,141,20,N,NA,25,51
729299,2014,32,4/24/2014,5,CA Lynn,12,7,12,field,7,runs,2,151,20,N,NA,7,67
729301,2014,15,4/25/2014,5,AJ Finch,2,3,2,bat,2,runs,4,185,20,N,NA,36,55
729303,2014,15,4/25/2014,5,MM Sharma,1,9,9,bat,1,wickets,7,142,20,N,NA,12,36
729305,2014,1,4/26/2014,5,PV Tambe,11,12,11,field,11,wickets,6,71,20,N,NA,25,16
729307,2014,1,4/26/2014,5,Sandeep Sharma,7,5,7,field,5,runs,23,133,20,N,NA,25,51
729309,2014,32,4/27/2014,5,M Vijay,3,9,9,bat,3,wickets,6,126,20,N,NA,7,67
729311,2014,32,4/27/2014,5,DR Smith,2,1,2,bat,1,wickets,5,146,20,N,NA,5,67
729313,2014,15,4/28/2014,5,Sandeep Sharma,5,12,5,field,5,wickets,5,125,20,N,NA,12,55
729315,2014,1,4/29/2014,5,JP Faulkner,7,11,11,bat,11,tie,NA,153,20,Y,NA,7,5
729317,2014,15,4/30/2014,5,B Kumar,9,2,9,field,2,runs,15,173,20,N,NA,25,36
733971,2014,40,5/2/2014,5,RA Jadeja,1,7,1,bat,1,runs,34,149,17,N,NA,5,44
733973,2014,31,5/3/2014,5,CJ Anderson,9,5,5,bat,9,wickets,5,169,20,N,NA,14,16
733975,2014,13,5/3/2014,5,KK Nair,3,11,11,field,11,wickets,7,153,20,N,NA,62,55
733977,2014,4,5/4/2014,5,AB de Villiers,12,2,12,field,12,wickets,4,156,20,N,NA,25,67
733979,2014,3,5/5/2014,5,PV Tambe,11,7,7,field,11,runs,10,171,20,N,NA,44,19
733981,2014,13,5/5/2014,5,DR Smith,3,1,1,field,1,wickets,8,179,20,N,NA,52,14
733983,2014,31,5/6/2014,5,RG Sharma,9,12,12,field,9,runs,19,188,20,N,NA,55,33
733985,2014,13,5/7/2014,5,G Gambhir,3,7,3,bat,7,wickets,8,161,20,N,NA,14,16
733987,2014,11,5/7/2014,5,GJ Maxwell,5,1,1,field,5,runs,44,232,20,N,NA,25,45
733989,2014,3,5/8/2014,5,B Kumar,11,2,11,field,2,runs,32,135,20,N,NA,5,44
733991,2014,4,5/9/2014,5,Sandeep Sharma,12,5,12,field,5,runs,32,199,20,N,NA,55,33
733993,2014,13,5/10/2014,5,DW Steyn,3,2,2,field,2,wickets,8,43,5,N,D/L,52,14
733995,2014,31,5/10/2014,5,DR Smith,9,1,1,field,1,wickets,4,158,20,N,NA,25,67
733997,2014,11,5/11/2014,5,G Gambhir,5,7,7,field,7,wickets,9,150,20,N,NA,44,19
733999,2014,4,5/11/2014,5,JP Faulkner,12,11,12,bat,11,wickets,5,191,20,N,NA,55,50
734001,2014,19,5/12/2014,5,AT Rayudu,2,9,2,bat,9,wickets,7,158,20,N,NA,25,67
734003,2014,40,5/13/2014,5,RA Jadeja,1,11,11,bat,1,wickets,5,149,20,N,NA,14,16
734005,2014,4,5/13/2014,5,Yuvraj Singh,12,3,3,field,12,runs,16,187,20,N,NA,33,50
734007,2014,19,5/14/2014,5,WP Saha,2,5,5,field,5,wickets,6,206,20,N,NA,67,45
734009,2014,11,5/14/2014,5,RV Uthappa,7,9,7,field,7,wickets,6,142,20,N,NA,5,44
734011,2014,3,5/15/2014,5,AM Rahane,11,3,3,field,11,runs,62,202,20,N,NA,55,50
734013,2014,40,5/18/2014,5,AB de Villiers,1,12,1,bat,12,wickets,5,139,20,N,NA,14,16
734015,2014,19,5/18/2014,5,UT Yadav,2,7,2,bat,7,wickets,7,143,20,N,NA,44,19
734017,2014,3,5/19/2014,5,MEK Hussey,11,9,9,bat,9,runs,25,179,20,N,NA,55,50
734019,2014,13,5/19/2014,5,AR Patel,3,5,5,field,5,wickets,4,165,20,N,NA,25,45
734021,2014,19,5/20/2014,5,DA Warner,2,12,12,bat,2,wickets,7,161,20,N,NA,5,44
734023,2014,26,5/20/2014,5,RV Uthappa,7,1,7,field,7,wickets,8,155,20,N,NA,52,16
734025,2014,9,5/21/2014,5,LMP Simmons,5,9,9,field,9,wickets,7,157,20,N,NA,25,67
734027,2014,26,5/22/2014,5,RV Uthappa,7,12,12,field,7,runs,30,196,20,N,NA,5,19
734029,2014,40,5/22/2014,5,DA Warner,1,2,2,field,2,wickets,6,186,20,N,NA,14,16
734031,2014,31,5/23/2014,5,MEK Hussey,9,3,3,field,9,runs,15,174,20,N,NA,55,50
734033,2014,9,5/23/2014,5,SE Marsh,5,11,11,field,5,runs,16,180,20,N,NA,25,45
734035,2014,4,5/24/2014,5,MS Dhoni,12,1,1,field,1,wickets,8,155,20,N,NA,5,44
734037,2014,26,5/24/2014,5,YK Pathan,7,2,7,field,7,wickets,4,161,20,N,NA,52,14
734039,2014,9,5/25/2014,5,M Vohra,5,3,5,field,5,wickets,7,116,20,N,NA,25,67
734041,2014,31,5/25/2014,5,CJ Anderson,9,11,9,field,9,wickets,5,190,20,N,NA,33,50
734043,2014,26,5/27/2014,6,UT Yadav,5,7,5,field,7,runs,28,164,20,N,NA,44,55
734045,2014,29,5/28/2014,3,SK Raina,1,9,1,field,1,wickets,7,174,20,N,NA,67,14
734047,2014,31,5/30/2014,7,V Sehwag,1,5,1,field,5,runs,24,227,20,N,NA,25,50
734049,2014,4,6/1/2014,4,MK Pandey,7,5,7,field,7,wickets,3,200,20,N,NA,25,14
829705,2015,26,4/8/2015,5,M Morkel,7,9,7,field,7,wickets,7,169,20,N,NA,55,16
829707,2015,10,4/9/2015,5,A Nehra,1,3,3,field,1,runs,1,151,20,N,NA,51,67
829709,2015,36,4/10/2015,5,JP Faulkner,5,11,5,field,11,runs,26,163,20,N,NA,56,17
829711,2015,10,4/11/2015,5,BB McCullum,1,2,1,bat,1,runs,45,210,20,N,NA,51,67
829713,2015,26,4/11/2015,5,CH Gayle,7,12,12,field,12,wickets,3,178,20,N,NA,55,16
829715,2015,13,4/12/2015,5,DJ Hooda,3,11,11,field,11,wickets,3,185,20,N,NA,56,17
829717,2015,31,4/12/2015,5,GJ Bailey,9,5,9,field,5,runs,18,178,20,N,NA,5,34
829719,2015,4,4/13/2015,5,DA Warner,12,2,2,field,2,wickets,8,167,20,N,NA,52,51
829721,2015,3,4/14/2015,5,SPD Smith,11,9,9,bat,11,wickets,7,165,20,N,NA,5,56
829725,2015,36,4/15/2015,5,MA Agarwal,5,3,5,bat,3,wickets,5,166,20,N,NA,17,33
829727,2015,41,4/16/2015,5,AM Rahane,2,11,11,field,11,wickets,6,128,20,N,NA,45,55
829729,2015,31,4/17/2015,5,A Nehra,9,1,9,bat,1,wickets,6,184,20,N,NA,5,36
829731,2015,41,4/18/2015,5,JP Duminy,2,3,3,bat,3,runs,4,168,20,N,NA,45,55
829733,2015,36,4/18/2015,5,AD Russell,5,7,7,field,7,wickets,4,156,20,N,NA,56,19
829735,2015,3,4/19/2015,5,AM Rahane,11,1,1,bat,11,wickets,8,157,20,N,NA,5,36
829737,2015,4,4/19/2015,5,Harbhajan Singh,12,9,12,field,9,runs,18,210,20,N,NA,51,67
829739,2015,13,4/20/2015,5,UT Yadav,3,7,7,field,7,wickets,6,147,20,N,NA,56,17
829741,2015,3,4/21/2015,5,SE Marsh,11,5,5,field,5,tie,NA,192,20,Y,NA,36,55
829743,2015,41,4/22/2015,5,DA Warner,2,7,7,field,2,runs,16,118,12,N,D/L,51,67
829745,2015,4,4/22/2015,5,SK Raina,12,1,12,field,1,runs,27,182,20,N,NA,30,16
829747,2015,13,4/23/2015,5,SS Iyer,3,9,9,field,3,runs,37,191,20,N,NA,56,19
829749,2015,3,4/24/2015,5,MA Starc,11,12,12,field,12,wickets,9,131,20,N,NA,36,55
829751,2015,31,4/25/2015,5,SL Malinga,9,2,9,bat,9,runs,20,158,20,N,NA,25,17
829753,2015,10,4/25/2015,5,BB McCullum,1,5,1,bat,1,runs,97,193,20,N,NA,30,16
829757,2015,13,4/26/2015,5,VR Aaron,3,12,12,field,12,wickets,10,96,20,N,NA,36,55
829759,2015,9,4/27/2015,5,TA Boult,5,2,5,field,2,runs,20,151,20,N,NA,25,17
829765,2015,10,4/28/2015,5,DJ Bravo,1,7,7,field,1,runs,2,135,20,N,NA,52,67
829763,2015,4,4/29/2015,5,NA,12,11,11,field,#N/A,no result,NA,NA,NA,N,NA,30,45
829723,2015,26,4/30/2015,5,AD Russell,7,1,7,field,7,wickets,7,166,20,N,NA,5,36
829767,2015,13,5/1/2015,5,NM Coulter-Nile,3,5,3,field,3,wickets,9,119,20,N,NA,51,55
829769,2015,31,5/1/2015,5,AT Rayudu,9,11,11,field,9,runs,8,188,20,N,NA,25,19
829771,2015,4,5/2/2015,5,Mandeep Singh,12,7,12,field,12,wickets,7,112,10,N,NA,30,45
829773,2015,19,5/2/2015,5,DA Warner,2,1,1,field,2,runs,22,193,20,N,NA,5,34
829775,2015,9,5/3/2015,5,LMP Simmons,5,9,9,bat,9,runs,23,173,20,N,NA,51,67
829777,2015,29,5/3/2015,5,AM Rahane,11,3,3,field,11,runs,14,190,20,N,NA,25,17
829779,2015,10,5/4/2015,5,SK Raina,1,12,1,bat,1,runs,24,149,20,N,NA,16,33
829781,2015,26,5/4/2015,5,UT Yadav,7,2,2,field,7,runs,35,168,20,N,NA,5,36
829783,2015,31,5/5/2015,5,Harbhajan Singh,9,3,3,bat,9,wickets,5,153,20,N,NA,25,17
829785,2015,4,5/6/2015,5,CH Gayle,12,5,5,field,12,runs,138,227,20,N,NA,51,67
829761,2015,26,5/7/2015,5,PP Chawla,7,3,7,bat,7,runs,13,172,20,N,NA,5,36
829787,2015,29,5/7/2015,5,EJG Morgan,11,2,11,field,2,runs,7,202,20,N,NA,30,16
829789,2015,10,5/8/2015,5,HH Pandya,1,9,1,bat,9,wickets,6,159,20,N,NA,17,19
829791,2015,26,5/9/2015,5,AD Russell,7,5,5,bat,7,wickets,1,184,20,N,NA,5,25
829793,2015,38,5/9/2015,5,MC Henriques,3,2,2,bat,2,runs,6,164,20,N,NA,67,55
829795,2015,31,5/10/2015,5,AB de Villiers,9,12,12,bat,12,runs,39,236,20,N,NA,30,16
829797,2015,10,5/10/2015,5,RA Jadeja,1,11,1,bat,1,runs,12,158,20,N,NA,36,19
829799,2015,19,5/11/2015,5,DA Warner,2,5,2,bat,2,runs,5,186,20,N,NA,5,25
829801,2015,38,5/12/2015,5,Z Khan,3,1,1,bat,3,wickets,6,120,20,N,NA,51,67
829803,2015,9,5/13/2015,5,AR Patel,5,12,12,field,5,runs,22,107,10,N,NA,30,16
829805,2015,31,5/14/2015,5,HH Pandya,9,7,7,field,9,runs,5,172,20,N,NA,51,67
829807,2015,19,5/15/2015,5,V Kohli,2,12,2,bat,12,wickets,6,81,6,N,D/L,5,25
829809,2015,9,5/16/2015,5,P Negi,5,1,5,bat,1,wickets,7,131,20,N,NA,19,16
829811,2015,29,5/16/2015,5,SR Watson,11,7,11,bat,11,runs,9,200,20,N,NA,52,51
829813,2015,4,5/17/2015,5,NA,12,3,12,field,#N/A,no result,NA,188,20,N,NA,25,34
829815,2015,19,5/17/2015,5,MJ McClenaghan,2,9,2,bat,9,wickets,9,114,20,N,NA,17,33
829817,2015,31,5/19/2015,6,KA Pollard,1,9,9,bat,9,runs,25,188,20,N,NA,25,51
829819,2015,36,5/20/2015,3,AB de Villiers,12,11,12,bat,12,runs,71,181,20,N,NA,5,16
829821,2015,40,5/22/2015,7,A Nehra,1,12,1,field,1,wickets,3,140,20,N,NA,5,17
829823,2015,26,5/24/2015,4,RG Sharma,9,1,1,field,9,runs,41,203,20,N,NA,25,51
980901,2016,31,4/9/2016,5,AM Rahane,9,10,9,bat,10,wickets,9,122,20,N,NA,25,19
980903,2016,26,4/10/2016,5,AD Russell,7,3,7,field,7,wickets,9,99,20,N,NA,55,16
980905,2016,8,4/11/2016,5,AJ Finch,5,4,4,field,4,wickets,5,162,20,N,NA,5,67
980907,2016,4,4/12/2016,5,AB de Villiers,12,2,2,field,12,runs,45,228,20,N,NA,25,69
980909,2016,26,4/13/2016,5,RG Sharma,7,9,9,field,9,wickets,6,188,20,N,NA,43,55
980911,2016,39,4/14/2016,5,AJ Finch,4,10,10,bat,4,wickets,7,164,20,N,NA,67,19
980913,2016,13,4/15/2016,5,A Mishra,3,5,3,field,3,wickets,8,112,20,N,NA,55,16
980915,2016,19,4/16/2016,5,G Gambhir,2,7,2,bat,7,wickets,8,143,20,N,NA,5,19
980917,2016,31,4/16/2016,5,AJ Finch,9,4,4,field,4,wickets,3,144,20,N,NA,25,69
980919,2016,8,4/17/2016,5,M Vohra,5,10,10,bat,5,wickets,6,153,20,N,NA,55,16
980921,2016,4,4/17/2016,5,Q de Kock,12,3,3,field,3,wickets,7,192,20,N,NA,67,2
980923,2016,19,4/18/2016,5,DA Warner,2,9,2,field,2,wickets,7,143,20,N,NA,25,69
980925,2016,8,4/19/2016,5,RV Uthappa,5,7,7,field,7,wickets,6,139,20,N,NA,55,16
980927,2016,31,4/20/2016,5,RG Sharma,9,12,9,field,9,wickets,6,171,20,N,NA,5,19
980929,2016,39,4/21/2016,5,B Kumar,4,2,2,field,2,wickets,10,136,20,N,NA,31,25
980931,2016,36,4/22/2016,5,AB de Villiers,10,12,10,field,12,runs,13,186,20,N,NA,17,69
980933,2016,13,4/23/2016,5,SV Samson,3,9,9,field,3,runs,10,165,20,N,NA,55,16
980935,2016,19,4/23/2016,5,Mustafizur Rahman,2,5,2,field,2,wickets,5,144,20,N,NA,5,19
980937,2016,39,4/24/2016,5,V Kohli,4,12,12,bat,4,wickets,6,181,20,N,NA,31,14
980939,2016,36,4/24/2016,5,SA Yadav,10,7,7,field,7,wickets,2,161,20,N,NA,17,2
980941,2016,8,4/25/2016,5,PA Patel,5,9,5,field,9,runs,25,190,20,N,NA,43,50
980943,2016,19,4/26/2016,5,AB Dinda,2,10,10,field,10,runs,34,61,11,N,D/L,11,19
980945,2016,13,4/27/2016,5,CH Morris,3,4,3,field,4,runs,1,173,20,N,NA,36,55
980947,2016,31,4/28/2016,5,RG Sharma,9,7,9,field,9,wickets,6,175,20,N,NA,43,50
980949,2016,36,4/29/2016,5,DR Smith,10,4,4,field,4,wickets,3,196,20,N,NA,17,14
980951,2016,13,4/30/2016,5,CR Brathwaite,3,7,7,field,3,runs,27,187,20,N,NA,35,36
980953,2016,19,4/30/2016,5,DA Warner,2,12,12,field,2,runs,15,195,20,N,NA,5,25
980955,2016,39,5/1/2016,5,AR Patel,4,5,4,field,5,runs,23,155,20,N,NA,14,69
980957,2016,36,5/1/2016,5,RG Sharma,10,9,9,field,9,wickets,8,160,20,N,NA,11,50
980959,2016,4,5/2/2016,5,AD Russell,12,7,7,field,7,wickets,5,186,20,N,NA,36,55
980961,2016,39,5/3/2016,5,RR Pant,4,3,3,field,3,wickets,8,150,20,N,NA,17,14
980963,2016,26,5/4/2016,5,AD Russell,7,5,5,field,7,runs,7,165,20,N,NA,5,25
980965,2016,13,5/5/2016,5,AM Rahane,3,10,10,field,10,wickets,7,163,20,N,NA,16,50
980967,2016,19,5/6/2016,5,B Kumar,2,4,2,field,2,wickets,5,127,20,N,NA,36,55
980969,2016,4,5/7/2016,5,V Kohli,12,10,12,field,12,wickets,7,192,20,N,NA,17,14
980971,2016,8,5/7/2016,5,MP Stoinis,5,3,3,field,5,runs,9,182,20,N,NA,25,19
980973,2016,41,5/8/2016,5,A Nehra,9,2,9,field,2,runs,85,178,20,N,NA,55,16
980975,2016,26,5/8/2016,5,P Kumar,7,4,4,field,4,wickets,5,159,20,N,NA,36,50
980977,2016,8,5/9/2016,5,SR Watson,5,12,5,field,12,runs,1,176,20,N,NA,5,25
980979,2016,41,5/10/2016,5,A Zampa,10,2,2,bat,2,runs,4,138,20,N,NA,17,69
980981,2016,4,5/11/2016,5,KH Pandya,12,9,9,field,9,wickets,6,152,20,N,NA,11,16
980983,2016,19,5/12/2016,5,CH Morris,2,3,3,field,3,wickets,7,147,20,N,NA,31,36
980985,2016,41,5/13/2016,5,MP Stoinis,9,5,9,bat,5,wickets,7,125,20,N,NA,25,19
980987,2016,4,5/14/2016,5,AB de Villiers,12,4,4,field,12,runs,144,249,20,N,NA,11,69
980989,2016,26,5/14/2016,5,YK Pathan,7,10,10,bat,7,wickets,8,66,9,N,D/L,2,14
980991,2016,8,5/15/2016,5,HM Amla,5,2,5,bat,2,wickets,7,180,20,N,NA,35,36
980993,2016,41,5/15/2016,5,KH Pandya,9,3,3,field,9,runs,80,207,20,N,NA,43,19
980995,2016,26,5/16/2016,5,V Kohli,7,12,12,field,12,wickets,9,184,20,N,NA,17,2
980997,2016,41,5/17/2016,5,AB Dinda,10,3,10,field,10,runs,19,58,11,N,D/L,43,16
980999,2016,4,5/18/2016,5,V Kohli,12,5,5,field,12,runs,82,203,14,N,D/L,35,36
981001,2016,23,5/19/2016,5,DR Smith,4,7,4,field,4,wickets,6,125,20,N,NA,5,19
981003,2016,38,5/20/2016,5,KK Nair,3,2,3,field,3,wickets,6,159,20,N,NA,2,14
981005,2016,41,5/21/2016,5,MS Dhoni,10,5,5,bat,10,wickets,4,173,20,N,NA,25,43
981007,2016,23,5/21/2016,5,SK Raina,4,9,4,field,4,wickets,6,173,20,N,NA,5,19
981009,2016,26,5/22/2016,5,YK Pathan,7,2,2,field,7,runs,22,172,20,N,NA,35,36
981011,2016,38,5/22/2016,5,V Kohli,3,12,12,field,12,wickets,6,139,20,N,NA,2,14
981013,2016,4,5/24/2016,6,AB de Villiers,4,12,12,field,12,wickets,4,159,20,N,NA,5,25
981015,2016,13,5/25/2016,2,MC Henriques,2,7,7,field,2,runs,22,163,20,N,NA,36,16
981017,2016,13,5/27/2016,7,DA Warner,4,2,2,field,2,wickets,4,163,20,N,NA,36,19
981019,2016,4,5/29/2016,4,BCJ Cutting,12,2,2,bat,2,runs,8,209,20,N,NA,25,14
1082591,2017,19,4/5/2017,5,Yuvraj Singh,2,12,12,field,2,runs,35,208,20,N,NA,11,44
1082592,2017,36,4/6/2017,5,SPD Smith,10,9,10,field,10,wickets,7,185,20,N,NA,2,55
1082593,2017,39,4/7/2017,5,CA Lynn,4,7,7,field,7,wickets,10,184,20,N,NA,43,19
1082594,2017,20,4/8/2017,5,GJ Maxwell,5,10,5,field,5,wickets,6,164,20,N,NA,5,16
1082595,2017,4,4/8/2017,5,KM Jadhav,12,3,12,bat,12,runs,15,158,20,N,NA,55,69
1082596,2017,19,4/9/2017,5,Rashid Khan,2,4,2,field,2,wickets,9,136,20,N,NA,1,44
1082597,2017,31,4/9/2017,5,N Rana,9,7,9,field,9,wickets,4,179,20,N,NA,43,19
1082598,2017,20,4/10/2017,5,AR Patel,5,12,12,bat,5,wickets,8,149,20,N,NA,5,16
1082599,2017,36,4/11/2017,5,SV Samson,10,3,10,field,3,runs,97,206,20,N,NA,11,55
1082600,2017,31,4/12/2017,5,JJ Bumrah,9,2,9,field,9,wickets,4,159,20,N,NA,43,19
1082601,2017,26,4/13/2017,5,SP Narine,7,5,7,field,7,wickets,8,171,20,N,NA,1,44
1082602,2017,4,4/14/2017,5,KA Pollard,12,9,9,field,9,wickets,4,143,20,N,NA,35,5
1082603,2017,39,4/14/2017,5,AJ Tye,4,10,4,field,4,wickets,7,172,20,N,NA,2,55
1082604,2017,26,4/15/2017,5,RV Uthappa,7,2,2,field,7,runs,17,173,20,N,NA,11,44
1082605,2017,13,4/15/2017,5,CJ Anderson,3,5,3,bat,3,runs,51,189,20,N,NA,70,43
1082606,2017,31,4/16/2017,5,N Rana,9,4,9,field,9,wickets,6,177,20,N,NA,2,55
1082607,2017,4,4/16/2017,5,BA Stokes,12,10,12,field,10,runs,27,162,20,N,NA,35,16
1082608,2017,13,4/17/2017,5,NM Coulter-Nile,3,7,3,bat,7,wickets,4,169,20,N,NA,43,19
1082609,2017,19,4/17/2017,5,B Kumar,2,5,5,field,2,runs,5,160,20,N,NA,11,1
1082610,2017,39,4/18/2017,5,CH Gayle,4,12,4,field,12,runs,21,214,20,N,NA,55,69
1082611,2017,19,4/19/2017,5,KS Williamson,2,3,2,bat,2,runs,15,192,20,N,NA,17,44
1082612,2017,20,4/20/2017,5,JC Buttler,5,9,9,field,9,wickets,8,199,20,N,NA,36,16
1082613,2017,26,4/21/2017,5,SK Raina,7,4,4,field,4,wickets,4,188,20,N,NA,17,43
1082614,2017,31,4/22/2017,5,MJ McClenaghan,9,3,3,field,9,runs,14,143,20,N,NA,2,55
1082615,2017,36,4/22/2017,5,MS Dhoni,10,2,10,field,10,wickets,6,177,20,N,NA,11,1
1082616,2017,39,4/23/2017,5,HM Amla,4,5,4,field,5,runs,26,189,20,N,NA,5,36
1082617,2017,26,4/23/2017,5,NM Coulter-Nile,7,12,12,field,7,runs,82,132,20,N,NA,17,19
1082618,2017,31,4/24/2017,5,BA Stokes,9,10,9,field,10,runs,3,161,20,N,NA,2,55
1082620,2017,36,4/26/2017,5,RV Uthappa,10,7,7,field,7,wickets,7,183,20,N,NA,11,44
1082621,2017,4,4/27/2017,5,AJ Tye,12,4,4,field,4,wickets,7,135,20,N,NA,5,16
1082622,2017,26,4/28/2017,5,G Gambhir,7,3,7,field,7,wickets,7,161,20,N,NA,44,55
1082623,2017,8,4/28/2017,5,Rashid Khan,5,2,5,field,2,runs,26,208,20,N,NA,43,19
1082624,2017,36,4/29/2017,5,LH Ferguson,10,12,12,field,10,runs,61,158,20,N,NA,35,36
1082625,2017,39,4/29/2017,5,KH Pandya,4,9,4,bat,9,tie,NA,154,20,Y,NA,5,17
1082626,2017,8,4/30/2017,5,Sandeep Sharma,5,3,5,field,5,wickets,10,68,20,N,NA,70,19
1082627,2017,19,4/30/2017,5,DA Warner,2,7,7,field,2,runs,48,210,20,N,NA,11,55
1082628,2017,31,5/1/2017,5,RG Sharma,9,12,12,bat,9,wickets,5,163,20,N,NA,5,17
1082629,2017,36,5/1/2017,5,BA Stokes,10,4,10,field,10,wickets,5,162,20,N,NA,36,16
1082630,2017,13,5/2/2017,5,Mohammed Shami,3,2,3,field,3,wickets,6,186,20,N,NA,70,43
1082631,2017,26,5/3/2017,5,RA Tripathi,7,10,10,field,10,wickets,4,156,20,N,NA,35,2
1082632,2017,13,5/4/2017,5,RR Pant,3,4,3,field,3,wickets,7,209,20,N,NA,36,43
1082633,2017,4,5/5/2017,5,Sandeep Sharma,12,5,12,field,5,runs,19,139,20,N,NA,17,16
1082634,2017,19,5/6/2017,5,JD Unadkat,2,10,2,field,10,runs,12,149,20,N,NA,35,5
1082635,2017,13,5/6/2017,5,LMP Simmons,3,9,3,field,9,runs,146,213,20,N,NA,43,19
1082636,2017,4,5/7/2017,5,SP Narine,12,7,7,field,7,wickets,6,159,20,N,NA,11,16
1082637,2017,8,5/7/2017,5,DR Smith,5,4,4,field,4,wickets,6,190,20,N,NA,2,69
1082638,2017,19,5/8/2017,5,S Dhawan,2,9,9,bat,2,wickets,7,139,20,N,NA,35,36
1082639,2017,8,5/9/2017,5,MM Sharma,5,7,7,field,5,runs,14,168,20,N,NA,2,55
1082640,2017,23,5/10/2017,5,SS Iyer,4,3,3,field,3,wickets,2,196,20,N,NA,70,5
1082641,2017,31,5/11/2017,5,WP Saha,9,5,9,field,5,runs,7,231,20,N,NA,1,2
1082642,2017,13,5/12/2017,5,KK Nair,3,10,3,bat,3,runs,7,169,20,N,NA,35,19
1082643,2017,23,5/13/2017,5,Mohammed Siraj,4,2,2,field,2,wickets,8,155,20,N,NA,5,43
1082644,2017,26,5/13/2017,5,AT Rayudu,7,9,7,field,9,runs,9,174,20,N,NA,2,55
1082645,2017,36,5/14/2017,5,JD Unadkat,10,5,10,field,10,wickets,9,74,20,N,NA,11,1
1082646,2017,13,5/14/2017,5,HV Patel,3,12,12,bat,12,runs,10,162,20,N,NA,19,16
1082647,2017,31,5/16/2017,6,Washington Sundar,9,10,9,field,10,runs,20,163,20,N,NA,55,16
1082648,2017,4,5/17/2017,3,NM Coulter-Nile,2,7,7,field,7,wickets,7,48,6,N,D/L,5,43
1082649,2017,4,5/19/2017,7,KV Sharma,9,7,9,field,9,wickets,6,108,20,N,NA,44,43
1082650,2017,19,5/21/2017,4,KH Pandya,9,10,9,bat,9,runs,1,130,20,N,NA,44,55
1136561,2018,31,4/7/2018,5,DJ Bravo,9,1,1,field,1,wickets,1,166,20,N,NA,17,2
1136562,2018,8,4/8/2018,5,KL Rahul,3,5,5,field,5,wickets,6,167,20,N,NA,35,50
1136563,2018,26,4/8/2018,5,SP Narine,12,7,7,field,7,wickets,4,177,20,N,NA,1,16
1136564,2018,19,4/9/2018,5,S Dhawan,11,2,2,field,2,wickets,9,126,20,N,NA,44,67
1136565,2018,10,4/10/2018,5,SW Billings,7,1,1,field,1,wickets,5,203,20,N,NA,5,17
1136566,2018,21,4/11/2018,5,SV Samson,11,3,3,field,11,runs,10,71,6,N,D/L,35,43
1136567,2018,19,4/12/2018,5,Rashid Khan,9,2,2,field,2,wickets,1,148,20,N,NA,19,44
1136568,2018,4,4/13/2018,5,UT Yadav,5,12,12,field,12,wickets,4,156,20,N,NA,1,55
1136569,2018,31,4/14/2018,5,JJ Roy,9,3,3,field,3,wickets,7,195,20,N,NA,35,43
1136570,2018,26,4/14/2018,5,B Stanlake,7,2,2,field,2,wickets,5,139,20,N,NA,5,2
1136571,2018,4,4/15/2018,5,SV Samson,11,12,12,field,11,runs,19,218,20,N,NA,16,55
1136572,2018,8,4/15/2018,5,CH Gayle,5,1,1,field,5,runs,4,198,20,N,NA,19,67
1136573,2018,26,4/16/2018,5,N Rana,7,3,3,field,7,runs,71,201,20,N,NA,5,2
1136574,2018,31,4/17/2018,5,RG Sharma,9,12,12,field,9,runs,46,214,20,N,NA,43,50
1136575,2018,21,4/18/2018,5,N Rana,11,7,7,field,7,wickets,7,161,20,N,NA,1,55
1136576,2018,8,4/19/2018,5,CH Gayle,5,2,5,bat,5,runs,15,194,20,N,NA,5,44
1136577,2018,36,4/20/2018,5,SR Watson,1,11,11,field,1,runs,64,205,20,N,NA,35,43
1136578,2018,26,4/21/2018,5,KL Rahul,7,5,5,field,5,wickets,9,125,13,N,D/L,1,16
1136579,2018,4,4/21/2018,5,AB de Villiers,3,12,12,field,12,wickets,6,175,20,N,NA,17,19
1136580,2018,19,4/22/2018,5,AT Rayudu,1,2,2,field,1,runs,4,183,20,N,NA,5,67
1136581,2018,21,4/22/2018,5,JC Archer,9,11,9,bat,11,wickets,3,168,20,N,NA,35,50
1136582,2018,12,4/23/2018,5,AS Rajpoot,5,3,3,field,5,runs,4,144,20,N,NA,2,19
1136583,2018,31,4/24/2018,5,Rashid Khan,2,9,9,field,2,runs,31,119,20,N,NA,16,55
1136584,2018,4,4/25/2018,5,MS Dhoni,12,1,1,field,1,wickets,5,206,20,N,NA,44,69
1136585,2018,19,4/26/2018,5,AS Rajpoot,2,5,5,field,2,runs,13,133,20,N,NA,19,70
1136586,2018,12,4/27/2018,5,SS Iyer,3,7,7,field,3,runs,55,220,20,N,NA,16,55
1136587,2018,36,4/28/2018,5,RG Sharma,1,9,9,field,9,wickets,8,170,20,N,NA,17,43
1136588,2018,21,4/29/2018,5,KS Williamson,2,11,2,bat,2,runs,11,152,20,N,NA,14,2
1136589,2018,4,4/29/2018,5,CA Lynn,12,7,7,field,7,wickets,6,176,20,N,NA,5,44
1136590,2018,36,4/30/2018,5,SR Watson,1,3,3,field,1,runs,13,212,20,N,NA,11,16
1136591,2018,4,5/1/2018,5,TG Southee,12,9,9,field,12,runs,14,168,20,N,NA,36,43
1136592,2018,12,5/2/2018,5,RR Pant,3,11,11,field,3,runs,4,151,12,N,D/L,19,69
1136593,2018,26,5/3/2018,5,SP Narine,1,7,7,field,7,wickets,6,178,20,N,NA,1,25
1136594,2018,20,5/4/2018,5,SA Yadav,5,9,9,field,9,wickets,6,175,20,N,NA,11,55
1136595,2018,36,5/5/2018,5,RA Jadeja,12,1,1,field,1,wickets,6,128,20,N,NA,43,70
1136596,2018,19,5/5/2018,5,Rashid Khan,3,2,3,bat,2,wickets,7,164,20,N,NA,14,19
1136597,2018,31,5/6/2018,5,HH Pandya,9,7,7,field,9,runs,13,182,20,N,NA,1,25
1136598,2018,20,5/6/2018,5,Mujeeb Ur Rahman,11,5,5,field,5,wickets,6,153,20,N,NA,16,55
1136599,2018,19,5/7/2018,5,KS Williamson,2,12,12,field,2,runs,5,147,20,N,NA,14,69
1136600,2018,21,5/8/2018,5,JC Buttler,11,5,11,bat,11,runs,15,159,20,N,NA,36,43
1136601,2018,26,5/9/2018,5,Ishan Kishan,9,7,7,field,9,runs,102,211,20,N,NA,35,5
1136602,2018,12,5/10/2018,5,S Dhawan,3,2,3,bat,2,wickets,9,188,20,N,NA,11,16
1136603,2018,21,5/11/2018,5,JC Buttler,1,11,1,bat,11,wickets,4,177,20,N,NA,36,70
1136604,2018,20,5/12/2018,5,SP Narine,7,5,5,field,7,runs,31,246,20,N,NA,19,69
1136605,2018,12,5/12/2018,5,AB de Villiers,3,12,12,field,12,wickets,5,182,20,N,NA,35,25
1136606,2018,36,5/13/2018,5,AT Rayudu,2,1,1,field,1,wickets,8,180,20,N,NA,36,70
1136607,2018,31,5/13/2018,5,JC Buttler,9,11,11,field,11,wickets,7,169,20,N,NA,43,55
1136608,2018,20,5/14/2018,5,UT Yadav,5,12,12,field,12,wickets,10,89,20,N,NA,14,69
1136609,2018,26,5/15/2018,5,Kuldeep Yadav,11,7,7,field,7,wickets,6,143,20,N,NA,5,25
1136610,2018,31,5/16/2018,5,JJ Bumrah,9,5,5,field,9,runs,3,187,20,N,NA,36,43
1136611,2018,4,5/17/2018,5,AB de Villiers,12,2,2,field,12,runs,14,219,20,N,NA,11,55
1136612,2018,12,5/18/2018,5,HV Patel,3,1,1,field,3,runs,34,163,20,N,NA,25,67
1136613,2018,21,5/19/2018,5,S Gopal,11,12,11,bat,11,runs,30,165,20,N,NA,14,69
1136614,2018,19,5/19/2018,5,CA Lynn,2,7,2,bat,7,wickets,5,173,20,N,NA,5,55
1136615,2018,12,5/20/2018,5,A Mishra,3,9,3,bat,3,runs,11,175,20,N,NA,25,19
1136616,2018,36,5/20/2018,5,L Ngidi,5,1,1,field,1,wickets,5,154,20,N,NA,43,70
1136617,2018,31,5/22/2018,6,F du Plessis,2,1,1,field,1,wickets,2,140,20,N,NA,16,36
1136618,2018,26,5/23/2018,3,AD Russell,7,11,11,field,7,runs,25,170,20,N,NA,5,43
1136619,2018,26,5/25/2018,7,Rashid Khan,2,7,7,field,2,runs,14,175,20,N,NA,25,43
1136620,2018,31,5/27/2018,4,SR Watson,2,1,1,field,1,wickets,8,179,20,N,NA,36,55
1175356,2019,10,3/23/2019,5,Harbhajan Singh,12,1,1,field,1,wickets,7,71,20,N,NA,11,14
1175357,2019,26,3/24/2019,5,AD Russell,2,7,7,field,7,wickets,6,182,20,N,NA,5,17
1175358,2019,31,3/24/2019,5,RR Pant,3,9,9,field,3,runs,37,214,20,N,NA,55,70
1175359,2019,21,3/25/2019,5,CH Gayle,5,11,11,field,5,runs,14,185,20,N,NA,16,35
1175360,2019,12,3/26/2019,5,SR Watson,3,1,3,bat,1,wickets,6,148,20,N,NA,36,43
1175361,2019,26,3/27/2019,5,AD Russell,7,5,5,field,7,runs,28,219,20,N,NA,5,67
1175362,2019,4,3/28/2019,5,JJ Bumrah,9,12,12,field,9,runs,6,188,20,N,NA,19,55
1175363,2019,19,3/29/2019,5,Rashid Khan,11,2,11,bat,2,wickets,5,199,20,N,NA,14,16
1175364,2019,8,3/30/2019,5,MA Agarwal,9,5,5,field,5,wickets,8,177,20,N,NA,17,67
1175365,2019,12,3/30/2019,5,PP Shaw,7,3,3,field,3,tie,NA,186,20,Y,NA,11,43
1175366,2019,19,3/31/2019,5,JM Bairstow,2,12,12,field,2,runs,118,232,20,N,NA,35,55
1175367,2019,10,3/31/2019,5,MS Dhoni,1,11,11,field,1,runs,8,176,20,N,NA,19,70
1175368,2019,8,4/1/2019,5,SM Curran,5,3,3,field,5,runs,14,167,20,N,NA,5,17
1175369,2019,21,4/2/2019,5,S Gopal,12,11,11,field,11,wickets,7,159,20,N,NA,11,36
1175370,2019,31,4/3/2019,5,HH Pandya,9,1,1,field,9,runs,37,171,20,N,NA,14,50
1175371,2019,12,4/4/2019,5,JM Bairstow,3,2,2,field,2,wickets,5,130,20,N,NA,16,35
1175372,2019,4,4/5/2019,5,AD Russell,12,7,7,field,7,wickets,5,206,20,N,NA,5,17
1178393,2019,10,4/6/2019,5,Harbhajan Singh,1,5,1,bat,1,runs,22,161,20,N,NA,35,50
1178394,2019,19,4/6/2019,5,AS Joseph,9,2,2,field,9,runs,40,137,20,N,NA,11,43
1178395,2019,4,4/7/2019,5,K Rabada,12,3,3,field,3,wickets,4,150,20,N,NA,55,70
1178396,2019,21,4/7/2019,5,HF Gurney,11,7,7,field,7,wickets,8,140,20,N,NA,5,17
1178397,2019,8,4/8/2019,5,KL Rahul,2,5,5,field,5,wickets,6,151,20,N,NA,11,36
1178398,2019,10,4/9/2019,5,DL Chahar,7,1,1,field,1,wickets,7,109,20,N,NA,16,50
1178399,2019,31,4/10/2019,5,KA Pollard,5,9,9,field,9,wickets,3,198,20,N,NA,55,70
1178400,2019,21,4/11/2019,5,MS Dhoni,11,1,1,field,1,wickets,4,152,20,N,NA,14,66
1178401,2019,26,4/12/2019,5,S Dhawan,7,3,3,field,3,wickets,7,179,20,N,NA,19,70
1178402,2019,31,4/13/2019,5,JC Buttler,9,11,11,field,11,wickets,4,188,20,N,NA,2,43
1178403,2019,8,4/13/2019,5,AB de Villiers,5,12,12,field,12,wickets,8,174,20,N,NA,55,66
1178404,2019,26,4/14/2019,5,Imran Tahir,7,1,1,field,1,wickets,5,162,20,N,NA,19,50
1178405,2019,19,4/14/2019,5,KMA Paul,3,2,2,field,3,runs,39,156,20,N,NA,5,14
1178406,2019,31,4/15/2019,5,SL Malinga,12,9,9,field,9,wickets,5,172,20,N,NA,36,43
1178407,2019,8,4/16/2019,5,R Ashwin,5,11,11,field,5,runs,12,183,20,N,NA,5,67
1178408,2019,19,4/17/2019,5,DA Warner,1,2,1,bat,2,wickets,6,133,20,N,NA,27,66
1178409,2019,12,4/18/2019,5,HH Pandya,9,3,9,bat,9,runs,40,169,20,N,NA,14,44
1178410,2019,26,4/19/2019,5,V Kohli,12,7,7,field,12,runs,10,214,20,N,NA,27,43
1178411,2019,21,4/20/2019,5,SPD Smith,9,11,11,field,11,wickets,5,162,20,N,NA,55,70
1178412,2019,12,4/20/2019,5,SS Iyer,5,3,3,field,3,wickets,5,164,20,N,NA,16,66
1178413,2019,19,4/21/2019,5,KK Ahmed,7,2,2,field,2,wickets,9,160,20,N,NA,44,43
1178414,2019,4,4/21/2019,5,PA Patel,12,1,1,field,12,runs,1,162,20,N,NA,50,67
1178415,2019,21,4/22/2019,5,RR Pant,11,3,3,field,3,wickets,6,192,20,N,NA,2,55
1178416,2019,10,4/23/2019,5,SR Watson,2,1,1,field,1,wickets,6,176,20,N,NA,5,44
1178417,2019,4,4/24/2019,5,AB de Villiers,12,5,5,field,12,runs,17,203,20,N,NA,14,16
1178418,2019,26,4/25/2019,5,VR Aaron,7,11,11,field,11,wickets,3,176,20,N,NA,11,27
1178419,2019,10,4/26/2019,5,RG Sharma,9,1,1,field,9,runs,46,156,20,N,NA,5,44
1178420,2019,21,4/27/2019,5,JD Unadkat,2,11,11,field,11,wickets,7,161,20,N,NA,2,70
1178421,2019,12,4/28/2019,5,S Dhawan,3,12,3,bat,3,runs,16,188,20,N,NA,14,35
1178422,2019,26,4/28/2019,5,AD Russell,7,9,9,field,7,runs,34,233,20,N,NA,27,43
1178423,2019,19,4/29/2019,5,DA Warner,2,5,5,field,2,runs,45,213,20,N,NA,19,55
1178424,2019,4,4/30/2019,5,NA,12,11,11,field,#N/A,no result,NA,63,5,N,NA,44,66
1178425,2019,10,5/1/2019,5,MS Dhoni,1,3,3,field,1,runs,80,180,20,N,NA,11,43
1178426,2019,31,5/2/2019,5,JJ Bumrah,9,2,9,bat,9,tie,NA,163,20,Y,NA,19,55
1178427,2019,8,5/3/2019,5,Shubman Gill,5,7,7,field,7,wickets,7,184,20,N,NA,14,16
1178428,2019,12,5/4/2019,5,A Mishra,11,3,11,bat,3,wickets,5,116,20,N,NA,11,27
1178429,2019,4,5/4/2019,5,SO Hetmyer,2,12,12,field,12,wickets,4,176,20,N,NA,5,44
1178430,2019,8,5/5/2019,5,KL Rahul,1,5,5,field,5,wickets,6,171,20,N,NA,16,35
1178431,2019,31,5/5/2019,5,HH Pandya,7,9,9,field,9,wickets,9,134,20,N,NA,2,19
1181764,2019,10,5/7/2019,6,SA Yadav,1,9,1,bat,9,wickets,6,132,20,N,NA,44,43
1181766,2019,41,5/8/2019,3,RR Pant,2,3,3,field,3,wickets,2,163,20,N,NA,14,55
1181767,2019,41,5/10/2019,7,F du Plessis,3,1,1,field,1,wickets,6,148,20,N,NA,14,55
1181768,2019,19,5/12/2019,4,JJ Bumrah,9,1,9,bat,9,runs,1,150,20,N,NA,27,43
1216492,2020,1,9/19/2020,5,AT Rayudu,9,1,1,field,1,wickets,5,163,20,N,NA,17,69
1216493,2020,15,9/20/2020,5,MP Stoinis,3,5,5,field,3,tie,NA,158,20,Y,NA,5,43
1216534,2020,15,9/21/2020,5,YS Chahal,12,2,2,field,12,runs,10,164,20,N,NA,11,43
1216496,2020,32,9/22/2020,5,SV Samson,11,1,1,field,11,runs,16,217,20,N,NA,16,67
1216508,2020,1,9/23/2020,5,RG Sharma,9,7,7,field,9,runs,49,196,20,N,NA,17,55
1216510,2020,15,9/24/2020,5,KL Rahul,5,12,12,field,5,runs,97,207,20,N,NA,5,46
1216539,2020,15,9/25/2020,5,PP Shaw,3,1,1,field,3,runs,44,176,20,N,NA,35,51
1216545,2020,1,9/26/2020,5,Shubman Gill,2,7,2,bat,7,wickets,7,143,20,N,NA,17,69
1216527,2020,32,9/27/2020,5,SV Samson,5,11,11,field,11,wickets,4,224,20,N,NA,51,34
1216547,2020,15,9/28/2020,5,AB de Villiers,12,9,9,field,12,tie,NA,202,20,Y,NA,43,46
1216532,2020,1,9/29/2020,5,Rashid Khan,2,3,3,field,2,runs,15,163,20,N,NA,69,55
1216504,2020,15,9/30/2020,5,Shivam Mavi,7,11,11,field,7,runs,37,175,20,N,NA,35,16
1216503,2020,1,10/1/2020,5,KA Pollard,9,5,5,field,9,runs,48,192,20,N,NA,69,55
1216516,2020,15,10/2/2020,5,PK Garg,2,1,2,bat,2,runs,7,165,20,N,NA,5,46
1216514,2020,1,10/3/2020,5,YS Chahal,11,12,11,bat,12,wickets,8,155,20,N,NA,17,55
1216515,2020,32,10/3/2020,5,SS Iyer,3,7,7,field,3,runs,18,229,20,N,NA,67,51
1216513,2020,15,10/4/2020,5,SR Watson,5,1,5,bat,1,wickets,10,179,20,N,NA,11,43
1216538,2020,32,10/4/2020,5,TA Boult,9,2,9,bat,9,runs,34,209,20,N,NA,35,51
1216519,2020,15,10/5/2020,5,AR Patel,3,12,12,field,3,runs,59,197,20,N,NA,43,70
1216511,2020,1,10/6/2020,5,SA Yadav,9,11,9,bat,9,runs,57,194,20,N,NA,69,55
1216501,2020,1,10/7/2020,5,RA Tripathi,7,1,7,bat,7,runs,10,168,20,N,NA,35,51
1216542,2020,15,10/8/2020,5,JM Bairstow,2,5,2,bat,2,runs,69,202,20,N,NA,5,43
1216500,2020,32,10/9/2020,5,R Ashwin,3,11,11,field,3,runs,46,185,20,N,NA,35,16
1216523,2020,1,10/10/2020,5,KD Karthik,7,5,7,bat,7,runs,2,165,20,N,NA,66,17
1216525,2020,15,10/10/2020,5,V Kohli,12,1,12,bat,12,runs,37,170,20,N,NA,5,46
1216507,2020,15,10/11/2020,5,R Tewatia,2,11,2,bat,11,wickets,5,159,20,N,NA,70,46
1216529,2020,1,10/11/2020,5,Q de Kock,3,9,3,bat,9,wickets,5,163,20,N,NA,17,55
1216540,2020,32,10/12/2020,5,AB de Villiers,12,7,12,bat,12,runs,82,195,20,N,NA,51,34
1216528,2020,15,10/13/2020,5,RA Jadeja,1,2,1,bat,1,runs,20,168,20,N,NA,5,46
1216543,2020,15,10/14/2020,5,A Nortje,3,11,3,bat,3,runs,13,162,20,N,NA,5,43
1216531,2020,32,10/15/2020,5,KL Rahul,12,5,12,bat,5,wickets,8,172,20,N,NA,35,16
1216526,2020,1,10/16/2020,5,Q de Kock,7,9,7,bat,9,wickets,8,149,20,N,NA,17,69
1216509,2020,32,10/17/2020,5,S Dhawan,1,3,1,bat,3,wickets,5,180,20,N,NA,35,51
1216522,2020,15,10/17/2020,5,AB de Villiers,11,12,11,bat,12,wickets,7,178,20,N,NA,5,43
1216512,2020,1,10/18/2020,5,LH Ferguson,7,2,2,field,7,tie,NA,164,20,Y,NA,45,55
1216517,2020,15,10/18/2020,5,KL Rahul,9,5,9,bat,5,tie,NA,177,20,Y,NA,43,46
1216533,2020,1,10/19/2020,5,JC Buttler,1,11,1,bat,11,wickets,7,126,20,N,NA,17,69
1216546,2020,15,10/20/2020,5,S Dhawan,3,5,3,bat,5,wickets,5,165,20,N,NA,16,51
1216494,2020,1,10/21/2020,5,Mohammed Siraj,7,12,7,bat,12,wickets,8,85,20,N,NA,69,55
1216518,2020,15,10/22/2020,5,MK Pandey,11,2,2,field,2,wickets,8,155,20,N,NA,43,46
1216521,2020,32,10/23/2020,5,TA Boult,1,9,9,field,9,wickets,10,115,20,N,NA,16,67
1216497,2020,1,10/24/2020,5,CV Varun,7,3,3,field,7,runs,59,195,20,N,NA,17,45
1216498,2020,15,10/24/2020,5,CJ Jordan,5,2,2,field,5,runs,12,127,20,N,NA,11,46
1216541,2020,1,10/25/2020,5,BA Stokes,9,11,9,bat,11,wickets,8,196,20,N,NA,66,69
1216544,2020,15,10/25/2020,5,RD Gaikwad,12,1,12,bat,1,wickets,8,146,20,N,NA,16,51
1216520,2020,32,10/26/2020,5,CH Gayle,7,5,5,field,5,wickets,8,150,20,N,NA,35,51
1216524,2020,15,10/27/2020,5,WP Saha,2,3,3,field,2,runs,88,220,20,N,NA,5,43
1216499,2020,1,10/28/2020,5,SA Yadav,12,9,9,field,9,wickets,5,165,20,N,NA,66,17
1216536,2020,15,10/29/2020,5,RD Gaikwad,7,1,1,field,1,wickets,6,173,20,N,NA,16,51
1216537,2020,1,10/30/2020,5,BA Stokes,5,11,11,field,11,wickets,7,186,20,N,NA,17,55
1216502,2020,32,10/31/2020,5,Sandeep Sharma,12,2,2,field,2,wickets,5,121,20,N,NA,35,34
1216535,2020,15,10/31/2020,5,Ishan Kishan,3,9,9,field,9,wickets,9,111,20,N,NA,70,46
1216506,2020,1,11/1/2020,5,RD Gaikwad,5,1,1,field,1,wickets,9,154,20,N,NA,45,69
1216530,2020,15,11/1/2020,5,PJ Cummins,7,11,11,field,7,runs,60,192,20,N,NA,43,46
1216505,2020,1,11/2/2020,5,A Nortje,12,3,3,field,3,wickets,6,153,20,N,NA,17,55
1216495,2020,32,11/3/2020,5,S Nadeem,9,2,2,field,2,wickets,10,150,20,N,NA,16,51
1237177,2020,15,11/5/2020,6,JJ Bumrah,9,3,3,field,9,runs,57,201,20,N,NA,17,43
1237178,2020,1,11/6/2020,3,KS Williamson,12,2,2,field,2,wickets,6,132,20,N,NA,46,55
1237180,2020,1,11/8/2020,7,MP Stoinis,3,2,3,bat,3,runs,17,190,20,N,NA,46,55
1237181,2020,15,11/10/2020,4,TA Boult,3,9,3,bat,9,wickets,5,157,20,N,NA,17,43
1254058,2021,10,4/9/2021,5,HV Patel,9,12,12,field,12,wickets,2,160,20,N,NA,35,43
1254059,2021,31,4/10/2021,5,S Dhawan,1,3,3,field,3,wickets,7,189,20,N,NA,5,69
1254060,2021,10,4/11/2021,5,N Rana,7,2,2,field,7,runs,10,188,20,N,NA,35,43
1254061,2021,31,4/12/2021,5,SV Samson,5,11,11,field,5,runs,4,222,20,N,NA,5,55
1254062,2021,10,4/13/2021,5,RD Chahar,9,7,7,field,9,runs,10,153,20,N,NA,16,17
1254063,2021,10,4/14/2021,5,GJ Maxwell,12,2,2,field,12,runs,6,150,20,N,NA,43,66
1254064,2021,31,4/15/2021,5,JD Unadkat,3,11,11,field,11,wickets,3,148,20,N,NA,55,69
1254065,2021,31,4/16/2021,5,DL Chahar,5,1,1,field,1,wickets,6,107,20,N,NA,5,11
1254066,2021,10,4/17/2021,5,KA Pollard,9,2,9,bat,9,runs,13,151,20,N,NA,17,34
1254067,2021,10,4/18/2021,5,AB de Villiers,12,7,12,bat,12,runs,38,205,20,N,NA,16,43
1254068,2021,31,4/18/2021,5,S Dhawan,5,3,3,field,3,wickets,6,196,20,N,NA,5,46
1254069,2021,31,4/19/2021,5,MM Ali,1,11,11,field,1,runs,45,189,20,N,NA,46,69
1254070,2021,10,4/20/2021,5,A Mishra,9,3,9,bat,3,wickets,6,138,20,N,NA,16,17
1254071,2021,10,4/21/2021,5,JM Bairstow,5,2,5,bat,2,wickets,9,121,20,N,NA,34,43
1254072,2021,31,4/21/2021,5,F du Plessis,1,7,7,field,1,runs,18,221,20,N,NA,11,46
1254073,2021,31,4/22/2021,5,D Padikkal,11,12,12,field,12,wickets,10,178,20,N,NA,29,55
1254074,2021,10,4/23/2021,5,KL Rahul,9,5,5,field,5,wickets,9,132,20,N,NA,16,43
1254075,2021,31,4/24/2021,5,CH Morris,7,11,11,field,11,wickets,6,134,20,N,NA,42,55
1254076,2021,31,4/25/2021,5,RA Jadeja,1,12,1,bat,1,runs,69,192,20,N,NA,5,69
1254077,2021,10,4/25/2021,5,PP Shaw,3,2,3,bat,3,tie,NA,160,20,Y,NA,17,35
1254078,2021,2,4/26/2021,5,EJG Morgan,5,7,7,field,7,wickets,5,124,20,N,NA,46,70
1254079,2021,2,4/27/2021,5,AB de Villiers,12,3,3,field,12,runs,1,172,20,N,NA,55,69
1254080,2021,12,4/28/2021,5,RD Gaikwad,2,1,2,bat,1,wickets,7,172,20,N,NA,16,19
1254081,2021,12,4/29/2021,5,Q de Kock,11,9,9,field,9,wickets,7,172,20,N,NA,17,35
1254082,2021,2,4/29/2021,5,PP Shaw,7,3,3,field,3,wickets,7,155,20,N,NA,5,70
1254083,2021,2,4/30/2021,5,Harpreet Brar,5,12,12,field,5,runs,34,180,20,N,NA,55,69
1254084,2021,12,5/1/2021,5,KA Pollard,1,9,9,field,9,wickets,4,219,20,N,NA,35,19
1254085,2021,12,5/2/2021,5,JC Buttler,11,2,2,field,11,runs,55,221,20,N,NA,16,17
1254086,2021,2,5/2/2021,5,MA Agarwal,5,3,3,field,3,wickets,7,167,20,N,NA,5,11
1254104,2021,15,9/19/2021,5,RD Gaikwad,1,9,1,bat,1,runs,20,157,20,N,NA,43,51
1254087,2021,1,9/20/2021,5,CV Varun,12,7,12,bat,7,wickets,9,93,20,N,NA,17,55
1254111,2021,15,9/21/2021,5,Kartik Tyagi,11,5,5,field,11,runs,2,186,20,N,NA,5,37
1254105,2021,15,9/22/2021,5,A Nortje,2,3,2,bat,3,wickets,8,135,20,N,NA,35,51
1254096,2021,1,9/23/2021,5,SP Narine,9,7,7,field,7,wickets,7,156,20,N,NA,55,69
1254113,2021,32,9/24/2021,5,DJ Bravo,12,1,1,field,1,wickets,6,157,20,N,NA,5,43
1254097,2021,1,9/25/2021,5,SS Iyer,3,11,11,field,3,runs,33,155,20,N,NA,17,66
1254107,2021,32,9/25/2021,5,JO Holder,5,2,2,field,5,runs,5,126,20,N,NA,51,70
1254098,2021,1,9/26/2021,5,RA Jadeja,7,1,7,bat,1,wickets,2,172,20,N,NA,17,64
1254108,2021,15,9/26/2021,5,GJ Maxwell,12,9,9,field,12,runs,54,166,20,N,NA,5,37
1254100,2021,15,9/27/2021,5,JJ Roy,11,2,11,bat,2,wickets,7,165,20,N,NA,35,42
1254092,2021,32,9/28/2021,5,SP Narine,3,7,7,field,7,wickets,3,128,20,N,NA,43,24
1254099,2021,1,9/28/2021,5,KA Pollard,5,9,9,field,9,wickets,6,136,20,N,NA,55,69
1254103,2021,15,9/29/2021,5,YS Chahal,11,12,12,field,12,wickets,7,150,20,N,NA,11,35
1254091,2021,32,9/30/2021,5,JR Hazlewood,2,1,1,field,1,wickets,6,135,20,N,NA,43,70
1254102,2021,15,10/1/2021,5,KL Rahul,7,5,5,field,5,wickets,5,166,20,N,NA,35,51
1254089,2021,1,10/2/2021,5,RD Gaikwad,1,11,11,field,11,wickets,7,190,20,N,NA,17,69
1254112,2021,32,10/2/2021,5,AR Patel,9,3,3,field,3,wickets,4,130,20,N,NA,5,37
1254090,2021,32,10/3/2021,5,GJ Maxwell,12,5,12,bat,12,runs,6,165,20,N,NA,35,51
1254109,2021,15,10/3/2021,5,Shubman Gill,2,7,2,bat,7,wickets,6,116,20,N,NA,29,37
1254110,2021,15,10/4/2021,5,AR Patel,1,3,3,field,3,wickets,3,137,20,N,NA,5,43
1254093,2021,32,10/5/2021,5,NM Coulter-Nile,11,9,9,field,9,wickets,8,91,20,N,NA,5,37
1254095,2021,1,10/6/2021,5,KS Williamson,2,12,12,field,2,runs,4,142,20,N,NA,55,66
1254094,2021,15,10/7/2021,5,KL Rahul,1,5,5,field,5,wickets,6,135,20,N,NA,34,51
1254106,2021,32,10/7/2021,5,Shivam Mavi,7,11,11,field,7,runs,86,172,20,N,NA,37,24
1254088,2021,1,10/8/2021,5,Ishan Kishan,9,2,9,bat,9,runs,42,236,20,N,NA,64,69
1254101,2021,15,10/8/2021,5,KS Bharat,3,12,12,field,12,wickets,7,165,20,N,NA,35,43
1254114,2021,15,10/10/2021,6,RD Gaikwad,3,1,1,field,1,wickets,4,173,20,N,NA,43,51
1254115,2021,32,10/11/2021,3,SP Narine,12,7,12,bat,7,wickets,4,139,20,N,NA,17,69
1254116,2021,32,10/13/2021,7,VR Iyer,3,7,7,field,7,wickets,3,136,20,N,NA,35,37
1254117,2021,15,10/15/2021,4,F du Plessis,1,7,7,field,1,runs,27,193,20,N,NA,43,51
1304047,2022,31,3/26/2022,5,UT Yadav,1,7,7,field,7,wickets,6,132,20,N,NA,5,43
1304048,2022,29,3/27/2022,5,Kuldeep Yadav,9,3,3,field,3,wickets,4,178,20,N,NA,50,24
1304049,2022,34,3/27/2022,5,OF Smith,12,5,5,field,5,wickets,5,206,20,N,NA,43,70
1304050,2022,31,3/28/2022,5,Mohammed Shami,8,4,4,field,4,wickets,5,159,20,N,NA,45,69
1304051,2022,36,3/29/2022,5,SV Samson,11,2,2,field,11,runs,61,211,20,N,NA,14,66
1304052,2022,34,3/30/2022,5,PWH de Silva,7,12,12,field,12,wickets,3,129,20,N,NA,29,42
1304053,2022,29,3/31/2022,5,E Lewis,1,8,8,field,8,wickets,6,211,20,N,NA,50,69
1304054,2022,31,4/1/2022,5,UT Yadav,5,7,7,field,7,wickets,6,138,20,N,NA,5,24
1304055,2022,34,4/2/2022,5,JC Buttler,11,9,9,field,11,runs,23,194,20,N,NA,43,45
1304056,2022,36,4/2/2022,5,LH Ferguson,4,3,3,field,4,runs,14,172,20,N,NA,35,66
1304057,2022,29,4/3/2022,5,LS Livingstone,5,1,1,field,5,runs,54,181,20,N,NA,50,70
1304058,2022,34,4/4/2022,5,Avesh Khan,8,2,2,field,8,runs,12,170,20,N,NA,29,42
1304059,2022,31,4/5/2022,5,KD Karthik,11,12,12,field,12,wickets,4,170,20,N,NA,5,24
1304060,2022,36,4/6/2022,5,PJ Cummins,9,7,7,field,7,wickets,5,162,20,N,NA,14,35
1304061,2022,34,4/7/2022,5,Q de Kock,3,8,8,field,8,wickets,6,150,20,N,NA,50,64
1304062,2022,29,4/8/2022,5,Shubman Gill,5,4,4,field,4,wickets,6,190,20,N,NA,5,69
1304063,2022,34,4/9/2022,5,Abhishek Sharma,1,2,2,field,2,wickets,8,155,20,N,NA,42,43
1304064,2022,36,4/9/2022,5,Anuj Rawat,9,12,12,field,12,wickets,7,152,20,N,NA,14,35
1304065,2022,29,4/10/2022,5,Kuldeep Yadav,3,7,7,field,3,runs,44,216,20,N,NA,17,29
1304066,2022,31,4/10/2022,5,YS Chahal,11,8,8,field,11,runs,3,166,20,N,NA,5,64
1304067,2022,34,4/11/2022,5,KS Williamson,4,2,2,field,2,wickets,8,163,20,N,NA,18,50
1304068,2022,34,4/12/2022,5,S Dube,1,12,12,field,1,runs,23,217,20,N,NA,43,40
1304069,2022,36,4/13/2022,5,MA Agarwal,5,9,9,field,5,runs,12,199,20,N,NA,14,66
1304070,2022,34,4/14/2022,5,HH Pandya,4,11,11,field,4,runs,37,193,20,N,NA,17,47
1304071,2022,29,4/15/2022,5,RA Tripathi,7,2,2,field,2,wickets,7,176,20,N,NA,23,69
1304072,2022,29,4/16/2022,5,KL Rahul,8,9,9,field,8,runs,18,200,20,N,NA,5,41
1304073,2022,31,4/16/2022,5,KD Karthik,12,3,3,field,12,runs,16,190,20,N,NA,18,29
1304074,2022,34,4/17/2022,5,Umran Malik,5,2,2,field,2,wickets,7,152,20,N,NA,45,47
1304075,2022,36,4/17/2022,5,DA Miller,1,4,4,field,4,wickets,3,170,20,N,NA,35,66
1304076,2022,29,4/18/2022,5,YS Chahal,11,7,7,field,11,runs,7,218,20,N,NA,23,69
1304077,2022,34,4/19/2022,5,F du Plessis,12,8,8,field,12,runs,18,182,20,N,NA,17,40
1304078,2022,29,4/20/2022,5,Kuldeep Yadav,5,3,3,field,3,wickets,9,116,20,N,NA,50,64
1304079,2022,34,4/21/2022,5,Mukesh Choudhary,9,1,1,field,1,wickets,3,156,20,N,NA,14,66
1304080,2022,31,4/22/2022,5,JC Buttler,11,3,3,field,11,runs,15,223,20,N,NA,41,43
1304081,2022,34,4/23/2022,5,Rashid Khan,4,7,4,bat,4,runs,8,157,20,N,NA,35,66
1304082,2022,29,4/23/2022,5,M Jansen,12,2,2,field,2,wickets,9,69,20,N,NA,18,29
1304083,2022,31,4/24/2022,5,KL Rahul,8,9,9,field,8,runs,36,169,20,N,NA,36,24
1304084,2022,31,4/25/2022,5,S Dhawan,5,1,1,field,5,runs,11,188,20,N,NA,36,64
1304085,2022,36,4/26/2022,5,R Parag,11,12,12,field,11,runs,29,145,20,N,NA,14,35
1304086,2022,31,4/27/2022,5,Umran Malik,2,4,4,field,4,wickets,5,196,20,N,NA,17,42
1304087,2022,31,4/28/2022,5,Kuldeep Yadav,7,3,3,field,3,wickets,4,147,20,N,NA,5,45
1304088,2022,36,4/29/2022,5,KH Pandya,8,5,5,field,8,runs,20,154,20,N,NA,37,66
1304089,2022,29,4/30/2022,5,R Tewatia,12,4,12,bat,4,wickets,6,171,20,N,NA,24,69
1304090,2022,34,4/30/2022,5,SA Yadav,11,9,9,field,9,wickets,5,159,20,N,NA,14,70
1304091,2022,31,5/1/2022,5,Mohsin Khan,8,3,8,bat,8,runs,6,196,20,N,NA,18,17
1304092,2022,36,5/1/2022,5,RD Gaikwad,1,2,2,field,1,runs,13,203,20,N,NA,5,35
1304093,2022,31,5/2/2022,5,RK Singh,11,7,7,field,7,wickets,7,153,20,N,NA,29,40
1304094,2022,34,5/3/2022,5,K Rabada,4,5,4,bat,5,wickets,8,144,20,N,NA,47,69
1304095,2022,36,5/4/2022,5,HV Patel,12,1,1,field,12,runs,13,174,20,N,NA,35,37
1304096,2022,29,5/5/2022,5,DA Warner,3,2,2,field,3,runs,21,208,20,N,NA,42,41
1304097,2022,29,5/6/2022,5,TH David,9,4,4,field,9,runs,5,178,20,N,NA,29,23
1304098,2022,31,5/7/2022,5,YBK Jaiswal,5,11,5,bat,11,wickets,6,190,20,N,NA,18,70
1304099,2022,36,5/7/2022,5,Avesh Khan,8,7,7,field,8,runs,75,177,20,N,NA,5,37
1304100,2022,31,5/8/2022,5,PWH de Silva,12,2,12,bat,12,runs,67,193,20,N,NA,14,40
1304101,2022,34,5/8/2022,5,DP Conway,1,3,3,field,1,runs,91,209,20,N,NA,43,47
1304102,2022,34,5/9/2022,5,JJ Bumrah,7,9,9,field,7,runs,52,166,20,N,NA,17,23
1304103,2022,36,5/10/2022,5,Shubman Gill,4,8,4,bat,4,runs,62,145,20,N,NA,35,37
1304104,2022,34,5/11/2022,5,MR Marsh,11,3,3,field,3,wickets,8,161,20,N,NA,41,43
1304105,2022,31,5/12/2022,5,DR Sams,1,9,9,field,9,wickets,5,98,20,N,NA,18,17
1304106,2022,29,5/13/2022,5,JM Bairstow,5,12,12,field,5,runs,54,210,20,N,NA,29,40
1304107,2022,36,5/14/2022,5,AD Russell,7,2,7,bat,7,runs,54,178,20,N,NA,5,35
1304108,2022,31,5/15/2022,5,WP Saha,1,4,1,bat,4,wickets,7,134,20,N,NA,47,69
1304109,2022,29,5/15/2022,5,TA Boult,11,8,11,bat,11,runs,24,179,20,N,NA,45,64
1304110,2022,34,5/16/2022,5,SN Thakur,3,5,5,field,3,runs,17,160,20,N,NA,23,43
1304111,2022,31,5/17/2022,5,RA Tripathi,2,9,9,field,2,runs,3,194,20,N,NA,17,40
1304112,2022,34,5/18/2022,5,Q de Kock,8,7,8,bat,8,runs,2,211,20,N,NA,47,70
1304113,2022,31,5/19/2022,5,V Kohli,4,12,4,bat,12,wickets,8,169,20,N,NA,35,23
1304114,2022,29,5/20/2022,5,R Ashwin,1,11,1,bat,11,wickets,5,151,20,N,NA,17,41
1304115,2022,31,5/21/2022,5,JJ Bumrah,3,9,9,field,9,wickets,5,160,20,N,NA,43,64
1304116,2022,31,5/22/2022,5,Harpreet Brar,2,5,2,bat,5,wickets,5,158,20,N,NA,5,41
1312197,2022,26,5/24/2022,6,DA Miller,11,4,4,field,4,wickets,7,189,20,N,NA,14,69
1312198,2022,26,5/25/2022,3,RM Patidar,12,8,8,field,12,runs,14,208,20,N,NA,29,37
1312199,2022,2,5/27/2022,7,JC Buttler,12,11,11,field,11,wickets,7,158,20,N,NA,17,43
1312200,2022,2,5/29/2022,4,HH Pandya,11,4,11,bat,4,wickets,7,131,20,N,NA,17,43
1359475,2023,2,3/31/2023,5,Rashid Khan,1,4,4,field,4,wickets,5,179,20,N,NA,43,24
1359476,2023,8,4/1/2023,5,Arshdeep Singh,5,7,7,field,5,runs,7,154,16,N,D/L,14,70
1359477,2023,27,4/1/2023,5,MA Wood,8,3,3,field,8,runs,50,194,20,N,NA,5,41
1359478,2023,19,4/2/2023,5,JC Buttler,11,2,2,field,11,runs,72,204,20,N,NA,35,47
1359479,2023,4,4/2/2023,5,F du Plessis,9,12,12,field,12,wickets,8,172,20,N,NA,43,64
1359480,2023,10,4/3/2023,5,MM Ali,1,8,8,field,1,runs,12,218,20,N,NA,3,14
1359481,2023,12,4/4/2023,5,B Sai Sudharsan,3,4,4,field,4,wickets,6,163,20,N,NA,2,23
1359482,2023,18,4/5/2023,5,NT Ellis,5,11,11,field,5,runs,5,198,20,N,NA,35,39
1359483,2023,26,4/6/2023,5,SN Thakur,7,12,12,field,7,runs,81,205,20,N,NA,68,69
1359484,2023,27,4/7/2023,5,KH Pandya,2,8,2,bat,8,wickets,5,122,20,N,NA,29,70
1359485,2023,18,4/8/2023,5,YBK Jaiswal,11,3,3,field,11,runs,57,200,20,N,NA,42,39
1359486,2023,31,4/8/2023,5,RA Jadeja,9,1,1,field,1,wickets,7,158,20,N,NA,17,41
1359487,2023,2,4/9/2023,5,RK Singh,4,7,4,bat,7,wickets,3,205,20,N,NA,43,64
1359488,2023,19,4/9/2023,5,S Dhawan,5,2,2,field,2,wickets,8,144,20,N,NA,14,66
1359489,2023,4,4/10/2023,5,N Pooran,12,8,8,field,8,wickets,1,213,20,N,NA,5,2
1359490,2023,12,4/11/2023,5,RG Sharma,3,9,9,field,9,wickets,6,173,20,N,NA,37,47
1359491,2023,10,4/12/2023,5,R Ashwin,11,1,1,field,11,runs,3,176,20,N,NA,68,69
1359492,2023,8,4/13/2023,5,MM Sharma,5,4,4,field,4,wickets,6,154,20,N,NA,3,29
1359493,2023,26,4/14/2023,5,HC Brook,2,7,7,field,2,runs,23,229,20,N,NA,17,23
1359494,2023,4,4/15/2023,5,V Kohli,12,3,3,field,12,runs,23,175,20,N,NA,35,39
1359495,2023,27,4/15/2023,5,Sikandar Raza,8,5,5,field,5,wickets,2,160,20,N,NA,24,69
1359496,2023,31,4/16/2023,5,VR Iyer,7,9,9,field,9,wickets,5,186,20,N,NA,14,66
1359497,2023,2,4/16/2023,5,SO Hetmyer,4,11,11,field,11,wickets,3,178,20,N,NA,5,17
1359498,2023,4,4/17/2023,5,DP Conway,1,12,12,field,1,runs,8,227,20,N,NA,35,42
1359499,2023,19,4/18/2023,5,C Green,9,2,2,field,9,runs,14,193,20,N,NA,43,68
1359500,2023,21,4/19/2023,5,MP Stoinis,8,11,11,field,8,runs,10,155,20,N,NA,29,70
1359501,2023,8,4/20/2023,5,Mohammed Siraj,12,5,5,field,12,runs,24,175,20,N,NA,5,23
1359502,2023,12,4/20/2023,5,I Sharma,7,3,3,field,3,wickets,4,128,20,N,NA,37,47
1359503,2023,10,4/21/2023,5,RA Jadeja,2,1,1,field,1,wickets,7,135,20,N,NA,24,69
1359504,2023,27,4/22/2023,5,MM Sharma,4,8,4,bat,4,runs,7,136,20,N,NA,3,50
1359505,2023,31,4/22/2023,5,SM Curran,5,9,9,field,5,runs,13,215,20,N,NA,17,23
1359506,2023,4,4/23/2023,5,GJ Maxwell,12,11,11,field,12,runs,7,190,20,N,NA,37,39
1359507,2023,26,4/23/2023,5,AM Rahane,1,7,7,field,1,runs,49,236,20,N,NA,43,64
1359508,2023,19,4/24/2023,5,AR Patel,3,2,3,bat,3,runs,7,145,20,N,NA,29,50
1359509,2023,2,4/25/2023,5,A Manohar,4,9,9,field,4,runs,55,208,20,N,NA,5,2
1359510,2023,4,4/26/2023,5,CV Varun,7,12,12,field,7,runs,21,201,20,N,NA,35,47
1359511,2023,21,4/27/2023,5,YBK Jaiswal,11,1,11,bat,11,runs,32,203,20,N,NA,3,70
1359512,2023,8,4/28/2023,5,MP Stoinis,8,5,5,field,8,runs,56,258,20,N,NA,43,68
1359513,2023,26,4/29/2023,5,J Little,7,4,4,field,4,wickets,7,180,20,N,NA,41,23
1359514,2023,12,4/29/2023,5,MR Marsh,2,3,2,bat,2,runs,9,198,20,N,NA,37,42
1359515,2023,10,4/30/2023,5,DP Conway,1,5,1,bat,5,wickets,4,201,20,N,NA,50,66
1359516,2023,31,4/30/2023,5,YBK Jaiswal,11,9,11,bat,9,wickets,6,213,20,N,NA,68,69
1359517,2023,27,5/1/2023,5,F du Plessis,12,8,12,bat,12,runs,18,127,20,N,NA,5,23
1359518,2023,2,5/2/2023,5,Mohammed Shami,3,4,3,bat,3,runs,5,131,20,N,NA,37,47
1359519,2023,27,5/3/2023,5,NA,8,1,1,field,#N/A,no result,NA,NA,NA,N,NA,5,41
1359520,2023,8,5/3/2023,5,Ishan Kishan,5,9,9,field,9,wickets,6,215,20,N,NA,29,50
1359521,2023,19,5/4/2023,5,CV Varun,7,2,7,bat,7,runs,5,172,20,N,NA,35,37
1359522,2023,21,5/5/2023,5,Rashid Khan,11,4,11,bat,4,wickets,9,119,20,N,NA,24,69
1359523,2023,10,5/6/2023,5,M Pathirana,9,1,1,field,1,wickets,6,140,20,N,NA,14,42
1359524,2023,12,5/6/2023,5,PD Salt,12,3,12,bat,3,wickets,7,182,20,N,NA,50,70
1359525,2023,2,5/7/2023,5,Shubman Gill,4,8,8,field,4,runs,56,228,20,N,NA,5,2
1359526,2023,21,5/7/2023,5,GD Phillips,11,2,11,bat,2,wickets,4,215,20,N,NA,43,68
1359527,2023,26,5/8/2023,5,AD Russell,5,7,5,bat,7,wickets,5,180,20,N,NA,3,29
1359528,2023,31,5/9/2023,5,SA Yadav,12,9,9,field,9,wickets,6,200,20,N,NA,24,69
1359529,2023,10,5/10/2023,5,RA Jadeja,1,3,1,bat,1,runs,27,168,20,N,NA,17,41
1359530,2023,26,5/11/2023,5,YBK Jaiswal,7,11,11,field,11,wickets,9,150,20,N,NA,50,39
1359531,2023,31,5/12/2023,5,SA Yadav,9,4,4,field,9,runs,27,219,20,N,NA,43,64
1359532,2023,19,5/13/2023,5,PN Mankad,2,8,2,bat,8,wickets,7,183,20,N,NA,3,29
1359533,2023,12,5/13/2023,5,P Simran Singh,5,3,3,field,5,runs,31,168,20,N,NA,17,41
1359534,2023,21,5/14/2023,5,WD Parnell,12,11,12,bat,12,runs,112,172,20,N,NA,35,42
1359535,2023,10,5/14/2023,5,RK Singh,1,7,1,bat,7,wickets,6,145,20,N,NA,64,68
1359536,2023,2,5/15/2023,5,Shubman Gill,4,2,2,field,4,runs,34,189,20,N,NA,29,66
1359537,2023,27,5/16/2023,5,MP Stoinis,8,9,9,field,8,runs,5,178,20,N,NA,5,2
1359538,2023,14,5/17/2023,5,RR Rossouw,3,5,5,field,3,runs,15,214,20,N,NA,35,39
1359539,2023,19,5/18/2023,5,V Kohli,2,12,12,field,12,wickets,8,187,20,N,NA,14,69
1359540,2023,14,5/19/2023,5,D Padikkal,5,11,11,field,11,wickets,4,188,20,N,NA,2,50
1359541,2023,12,5/20/2023,5,RD Gaikwad,1,3,1,bat,1,runs,77,224,20,N,NA,17,41
1359542,2023,26,5/20/2023,5,N Pooran,8,7,7,field,8,runs,1,177,20,N,NA,29,66
1359543,2023,31,5/21/2023,5,C Green,2,9,9,field,9,wickets,8,201,20,N,NA,35,50
1359544,2023,4,5/21/2023,5,Shubman Gill,12,4,4,field,4,wickets,6,198,20,N,NA,43,69
1370350,2023,10,5/23/2023,6,RD Gaikwad,1,4,4,field,1,runs,15,173,20,N,NA,5,17
1370351,2023,10,5/24/2023,3,Akash Madhwal,9,8,9,bat,9,runs,81,183,20,N,NA,14,69
1370352,2023,2,5/26/2023,7,Shubman Gill,4,9,9,field,4,runs,62,234,20,N,NA,43,50
1370353,2023,2,5/29/2023,4,DP Conway,4,1,1,field,1,wickets,5,171,15,N,D/L,43,50
1422119,2024,10,3/22/2024,5,Mustafizur Rahman,12,1,12,bat,1,wickets,6,174,20,N,NA,24,69
1422120,2024,28,3/23/2024,5,SM Curran,3,5,5,field,5,wickets,4,175,20,N,NA,29,41
1422121,2024,26,3/23/2024,5,AD Russell,7,2,2,field,7,runs,4,209,20,N,NA,47,70
1422122,2024,21,3/24/2024,5,SV Samson,11,8,11,bat,11,runs,20,194,20,N,NA,3,25
1422123,2024,2,3/24/2024,5,B Sai Sudharsan,4,9,9,field,4,runs,6,169,20,N,NA,67,69
1422124,2024,4,3/25/2024,5,V Kohli,5,12,12,field,12,wickets,4,177,20,N,NA,5,39
1422125,2024,10,3/26/2024,5,S Dube,1,4,4,field,1,runs,63,207,20,N,NA,4,64
1422126,2024,19,3/27/2024,5,Abhishek Sharma,2,9,9,field,2,runs,31,278,20,N,NA,35,66
1422127,2024,21,3/28/2024,5,R Parag,11,3,3,field,11,runs,12,186,20,N,NA,2,43
1422128,2024,4,3/29/2024,5,SP Narine,12,7,7,field,7,wickets,7,183,20,N,NA,5,47
1422129,2024,27,3/30/2024,5,MP Yadav,8,5,8,bat,8,runs,21,200,20,N,NA,29,42
1422130,2024,2,3/31/2024,5,MM Sharma,2,4,2,bat,4,wickets,7,163,20,N,NA,24,69
1422131,2024,41,3/31/2024,5,KK Ahmed,3,1,3,bat,3,runs,20,192,20,N,NA,25,68
1422132,2024,31,4/1/2024,5,TA Boult,9,11,11,field,11,wickets,6,126,20,N,NA,39,70
1422133,2024,4,4/2/2024,5,MP Yadav,8,12,12,field,8,runs,28,182,20,N,NA,29,41
1422134,2024,41,4/3/2024,5,SP Narine,7,3,7,bat,7,runs,106,273,20,N,NA,3,66
1422135,2024,2,4/4/2024,5,Shashank Singh,4,5,5,field,5,wickets,3,200,20,N,NA,43,67
1422136,2024,19,4/5/2024,5,Abhishek Sharma,1,2,2,field,2,wickets,6,166,20,N,NA,47,70
1422137,2024,21,4/6/2024,5,JC Buttler,12,11,11,field,11,wickets,6,184,20,N,NA,4,64
1422138,2024,31,4/7/2024,5,R Shepherd,9,3,3,field,9,runs,29,235,20,N,NA,25,66
1422139,2024,27,4/7/2024,5,Yash Thakur,8,4,8,bat,8,runs,33,164,20,N,NA,2,69
1426260,2024,10,4/8/2024,5,RA Jadeja,7,1,1,field,1,wickets,7,138,20,N,NA,5,39
1426261,2024,28,4/9/2024,5,Nithish Kumar Reddy,2,5,5,field,2,runs,2,183,20,N,NA,42,41
1426262,2024,21,4/10/2024,5,Rashid Khan,11,4,4,field,4,wickets,3,197,20,N,NA,25,68
1426263,2024,31,4/11/2024,5,JJ Bumrah,12,9,9,field,9,wickets,7,197,20,N,NA,43,67
1426264,2024,27,4/12/2024,5,Kuldeep Yadav,8,3,8,bat,3,wickets,6,168,20,N,NA,47,70
1426265,2024,28,4/13/2024,5,SO Hetmyer,5,11,11,field,11,wickets,3,148,20,N,NA,5,64
1426266,2024,26,4/14/2024,5,PD Salt,8,7,7,field,7,wickets,8,162,20,N,NA,3,68
1426267,2024,31,4/14/2024,5,M Pathirana,1,9,9,field,1,runs,20,207,20,N,NA,43,24
1426268,2024,4,4/15/2024,5,TM Head,2,12,12,field,2,runs,25,288,20,N,NA,5,47
1426269,2024,26,4/16/2024,5,JC Buttler,7,11,11,field,11,wickets,2,224,20,N,NA,37,66
1426270,2024,2,4/17/2024,5,RR Pant,4,3,3,field,3,wickets,6,90,20,N,NA,41,69
1426271,2024,28,4/18/2024,5,JJ Bumrah,9,5,5,field,9,runs,9,193,20,N,NA,2,67
1426272,2024,27,4/19/2024,5,KL Rahul,1,8,8,field,8,wickets,8,177,20,N,NA,5,47
1426273,2024,12,4/20/2024,5,TM Head,2,3,3,field,2,runs,67,267,20,N,NA,29,42
1426274,2024,26,4/21/2024,5,AD Russell,7,12,12,field,7,runs,1,223,20,N,NA,3,68
1426275,2024,28,4/21/2024,5,R Sai Kishore,5,4,5,bat,4,wickets,3,143,20,N,NA,2,67
1426276,2024,21,4/22/2024,5,Sandeep Sharma,9,11,9,bat,11,wickets,9,180,20,N,NA,5,39
1426277,2024,10,4/23/2024,5,MP Stoinis,1,8,8,field,8,wickets,6,211,20,N,NA,41,64
1426278,2024,12,4/24/2024,5,RR Pant,3,4,4,field,3,runs,4,225,20,N,NA,35,66
1426279,2024,19,4/25/2024,5,RM Patidar,12,2,12,bat,12,runs,35,207,20,N,NA,43,24
1426280,2024,26,4/26/2024,5,JM Bairstow,7,5,5,field,5,wickets,8,262,20,N,NA,5,70
1426281,2024,12,4/27/2024,5,J Fraser-McGurk,3,9,9,field,3,runs,10,258,20,N,NA,42,41
1426282,2024,27,4/27/2024,5,SV Samson,8,11,11,field,11,wickets,7,197,20,N,NA,35,37
1426283,2024,2,4/28/2024,5,WG Jacks,4,12,12,field,12,wickets,9,201,20,N,NA,43,69
1426284,2024,10,4/28/2024,5,RD Gaikwad,1,2,2,field,1,runs,78,213,20,N,NA,47,39
1426285,2024,26,4/29/2024,5,CV Varun,3,7,3,bat,7,wickets,7,154,20,N,NA,42,64
1426286,2024,27,4/30/2024,5,MP Stoinis,9,8,8,field,8,wickets,4,145,20,N,NA,37,66
1426287,2024,10,5/1/2024,5,Harpreet Brar,1,5,5,field,5,wickets,7,163,20,N,NA,24,69
1426288,2024,19,5/2/2024,5,B Kumar,2,11,2,bat,2,runs,1,202,20,N,NA,5,70
1426289,2024,31,5/3/2024,5,VR Iyer,7,9,9,field,7,runs,24,170,20,N,NA,29,64
1426290,2024,4,5/4/2024,5,Mohammed Siraj,4,12,12,field,12,wickets,4,148,20,N,NA,3,68
1426291,2024,14,5/5/2024,5,RA Jadeja,1,5,5,field,1,runs,28,168,20,N,NA,2,67
1426292,2024,27,5/5/2024,5,SP Narine,7,8,8,field,7,runs,98,236,20,N,NA,39,70
1426293,2024,31,5/6/2024,5,SA Yadav,2,9,9,field,9,wickets,7,174,20,N,NA,42,64
1426294,2024,12,5/7/2024,5,Kuldeep Yadav,3,11,11,field,3,runs,20,222,20,N,NA,35,66
1426295,2024,19,5/8/2024,5,TM Head,8,2,8,bat,2,wickets,10,166,20,N,NA,39,70
1426296,2024,14,5/9/2024,5,V Kohli,12,5,5,field,12,runs,60,242,20,N,NA,43,24
1426297,2024,2,5/10/2024,5,Shubman Gill,4,1,1,field,4,runs,35,232,20,N,NA,35,41
1426298,2024,26,5/11/2024,5,CV Varun,7,9,9,field,7,runs,18,158,16,N,NA,66,68
1426299,2024,10,5/12/2024,5,Simarjeet Singh,11,1,11,bat,1,wickets,5,142,20,N,NA,47,70
1426300,2024,4,5/12/2024,5,C Green,12,3,3,field,12,runs,47,188,20,N,NA,2,67
1426302,2024,12,5/14/2024,5,I Sharma,3,8,8,field,3,runs,19,209,20,N,NA,3,68
1426303,2024,18,5/15/2024,5,SM Curran,11,5,11,bat,5,wickets,5,145,20,N,NA,47,39
1426305,2024,31,5/17/2024,5,N Pooran,8,9,9,field,8,runs,18,215,20,N,NA,42,47
1426306,2024,4,5/18/2024,5,F du Plessis,12,1,1,field,12,runs,27,219,20,N,NA,3,35
1426307,2024,19,5/19/2024,5,Abhishek Sharma,5,2,5,bat,2,wickets,4,215,20,N,NA,43,69
1426309,2024,2,5/21/2024,6,MA Starc,2,7,2,bat,7,wickets,8,160,20,N,NA,5,47
1426310,2024,2,5/22/2024,3,R Ashwin,12,11,11,field,11,wickets,4,173,20,N,NA,35,39
1426311,2024,10,5/24/2024,7,Shahbaz Ahmed,2,11,11,field,2,runs,36,176,20,N,NA,43,69
1426312,2024,10,5/26/2024,4,MA Starc,2,7,2,bat,7,wickets,8,114,20,N,NA,29,43
